기로세련계도,http://encykorea.aks.ac.kr/Contents/Item/E0008181,계회도
독서당계회도,http://encykorea.aks.ac.kr/Contents/Item/E0016010,계회도
독서당계회도,http://encykorea.aks.ac.kr/Contents/Item/E0016011,계회도
성세창 제시 미원계회도,http://encykorea.aks.ac.kr/Contents/Item/E0029385,계회도
성세창 제시 하관계회도,http://encykorea.aks.ac.kr/Contents/Item/E0029386,계회도
연정계회도,http://encykorea.aks.ac.kr/Contents/Item/E0036901,계회도
이기룡필 남지기로회도,http://encykorea.aks.ac.kr/Contents/Item/E0043850,계회도
호조낭관계회도,http://encykorea.aks.ac.kr/Contents/Item/E0063858,계회도
총마계회도,http://encykorea.aks.ac.kr/Contents/Item/E0067459,계회도
정사신동참제계회도,http://encykorea.aks.ac.kr/Contents/Item/E0069527,계회도
강릉 회암영당 주희영정,http://encykorea.aks.ac.kr/Contents/Item/E0001129,초상화
강민첨 초상,http://encykorea.aks.ac.kr/Contents/Item/E0001153,초상화
수문장계회도,http://encykorea.aks.ac.kr/Contents/Item/E0073195,계회도
장양공정토시전부호도,http://encykorea.aks.ac.kr/Contents/Item/E0073200,기록화
강세황 초상,http://encykorea.aks.ac.kr/Contents/Item/E0001237,초상화
강진구곡사소장익재이재현상과백사이항복상,http://encykorea.aks.ac.kr/Contents/Item/E0001408,초상화
강현 초상,http://encykorea.aks.ac.kr/Contents/Item/E0001482,초상화
대사례도,http://encykorea.aks.ac.kr/Contents/Item/E0073203,계회도
왕세자입학도첩,http://encykorea.aks.ac.kr/Contents/Item/E0073209,화첩
계미동경소진첩,http://encykorea.aks.ac.kr/Contents/Item/E0073211,화첩
남지기로회도,http://encykorea.aks.ac.kr/Contents/Item/E0075646,계회도
녹훈도감선사어선연회도,http://encykorea.aks.ac.kr/Contents/Item/E0075654,계회도
을축갑회도,http://encykorea.aks.ac.kr/Contents/Item/E0075657,계회도
봉수당진찬도,http://encykorea.aks.ac.kr/Contents/Item/E0075663,계회도
희경루방회도,http://encykorea.aks.ac.kr/Contents/Item/E0075664,계회도
곽분양행락도,http://encykorea.aks.ac.kr/Contents/Item/E0004655,고사화
무이귀도도,http://encykorea.aks.ac.kr/Contents/Item/E0019209,고사화
삼국지연의도,http://encykorea.aks.ac.kr/Contents/Item/E0075652,고사화
금궤도,http://encykorea.aks.ac.kr/Contents/Item/E0007628,고사화/인물화
삼공불환도,http://encykorea.aks.ac.kr/Contents/Item/E0026469,고사화/인물화
고운 영정,http://encykorea.aks.ac.kr/Contents/Item/E0003860,초상화
삼인문년도,http://encykorea.aks.ac.kr/Contents/Item/E0026761,고사화/인물화
서원아집도,http://encykorea.aks.ac.kr/Contents/Item/E0028098,고사화/인물화
어초문답도,http://encykorea.aks.ac.kr/Contents/Item/E0036124,고사화/인물화
감지금은니불설아미타경,http://encykorea.aks.ac.kr/Contents/Item/E0000844,기록유산
개자원화보,http://encykorea.aks.ac.kr/Contents/Item/E0001708,기록유산
관아재고,http://encykorea.aks.ac.kr/Contents/Item/E0004933,기록유산
권응수장군유물,http://encykorea.aks.ac.kr/Contents/Item/E0007027,기록유산
소치실록,http://encykorea.aks.ac.kr/Contents/Item/E0030316,기록유산
역대명화기,http://encykorea.aks.ac.kr/Contents/Item/E0036577,기록유산
예림갑을록,http://encykorea.aks.ac.kr/Contents/Item/E0037906,기록유산
원행을묘정리의궤,http://encykorea.aks.ac.kr/Contents/Item/E0040890,기록유산
이용화백세영수첩,http://encykorea.aks.ac.kr/Contents/Item/E0045277,기록유산
청죽화사,http://encykorea.aks.ac.kr/Contents/Item/E0056769,기록유산
표암유고,http://encykorea.aks.ac.kr/Contents/Item/E0060247,기록유산
하천유집,http://encykorea.aks.ac.kr/Contents/Item/E0060724,기록유산
삼강행실효자도,http://encykorea.aks.ac.kr/Contents/Item/E0070933,기록유산
경남대학교 데라우치 기증 고서화 일괄,http://encykorea.aks.ac.kr/Contents/Item/E0073342,기록유산
화사양가보록,http://encykorea.aks.ac.kr/Contents/Item/E0079488,기록유산
기영회도,http://encykorea.aks.ac.kr/Contents/Item/E0008348,기록화
이경석 궤장 및 사궤장 연회도 화첩,http://encykorea.aks.ac.kr/Contents/Item/E0007168,화첩
숭정전 갑자진연도,http://encykorea.aks.ac.kr/Contents/Item/E0008472,기록화
근역화휘,http://encykorea.aks.ac.kr/Contents/Item/E0007439,화첩
금강경변상도,http://encykorea.aks.ac.kr/Contents/Item/E0007488,불화/변상도
금강사군첩,http://encykorea.aks.ac.kr/Contents/Item/E0007525,화첩
남지기로회도,http://encykorea.aks.ac.kr/Contents/Item/E0012173,기록화
대성지성문선왕전좌도,http://encykorea.aks.ac.kr/Contents/Item/E0014518,기록화
동궐도,http://encykorea.aks.ac.kr/Contents/Item/E0016317,기록화
금오계첩,http://encykorea.aks.ac.kr/Contents/Item/E0007904,화첩
동래부순절도,http://encykorea.aks.ac.kr/Contents/Item/E0016378,기록화
부산진순절도,http://encykorea.aks.ac.kr/Contents/Item/E0024276,기록화
기사계첩,http://encykorea.aks.ac.kr/Contents/Item/E0008260,화첩
기사경회첩,http://encykorea.aks.ac.kr/Contents/Item/E0008261,화첩
북새선은도,http://encykorea.aks.ac.kr/Contents/Item/E0024678,기록화
사명대사일본상륙행렬도팔곡병,http://encykorea.aks.ac.kr/Contents/Item/E0025581,기록화
기옹영정,http://encykorea.aks.ac.kr/Contents/Item/E0008351,초상화
서궐도안,http://encykorea.aks.ac.kr/Contents/Item/E0027632,기록화
김시습 초상,http://encykorea.aks.ac.kr/Contents/Item/E0009667,초상화
김완 초상,http://encykorea.aks.ac.kr/Contents/Item/E0009924,초상화
김이안 영정,http://encykorea.aks.ac.kr/Contents/Item/E0010194,초상화
김재로 영정,http://encykorea.aks.ac.kr/Contents/Item/E0010334,초상화
김정희 영정,http://encykorea.aks.ac.kr/Contents/Item/E0010432,초상화
김중만 초상,http://encykorea.aks.ac.kr/Contents/Item/E0010574,초상화
서총대친림연회도,http://encykorea.aks.ac.kr/Contents/Item/E0028237,기록화
남계박세채영정,http://encykorea.aks.ac.kr/Contents/Item/E0011776,초상화
수계도,http://encykorea.aks.ac.kr/Contents/Item/E0031212,기록화
조대비 사순칭경진하도 병풍,http://encykorea.aks.ac.kr/Contents/Item/E0051659,기록화
헌종 가례진하도 병풍,http://encykorea.aks.ac.kr/Contents/Item/E0063231,기록화
화성행행도,http://encykorea.aks.ac.kr/Contents/Item/E0064691,기록화
효종어전희우시회인물도,http://encykorea.aks.ac.kr/Contents/Item/E0065709,기록화
화성행행도팔첩병,http://encykorea.aks.ac.kr/Contents/Item/E0069526,기록화
왕세자탄강진하도 병풍 ,http://encykorea.aks.ac.kr/Contents/Item/E0069529,기록화
농암이현보선생유물,http://encykorea.aks.ac.kr/Contents/Item/E0013143,초상화
이현보 초상,http://encykorea.aks.ac.kr/Contents/Item/E0013144,초상화
영조을유기로연·경현당수작연도병,http://encykorea.aks.ac.kr/Contents/Item/E0069544,기록화
숙빈최씨소령원도,http://encykorea.aks.ac.kr/Contents/Item/E0069545,기록화
예안김씨가전계회도일괄,http://encykorea.aks.ac.kr/Contents/Item/E0069558,기록화
순천 선암사 대각국사 의천 진영,http://encykorea.aks.ac.kr/Contents/Item/E0013978,불화/초상화
대방광불화엄경변상도,http://encykorea.aks.ac.kr/Contents/Item/E0014383,불화/변상도
갑인춘 친정도,http://encykorea.aks.ac.kr/Contents/Item/E0073040,기록화
신축진연도병,http://encykorea.aks.ac.kr/Contents/Item/E0073204,기록화
칠태부인경수연도,http://encykorea.aks.ac.kr/Contents/Item/E0075634,기록화
경수연도,http://encykorea.aks.ac.kr/Contents/Item/E0075658,기록화
도갑사도선국사진영,http://encykorea.aks.ac.kr/Contents/Item/E0015480,불화/초상화
동래부순절도,http://encykorea.aks.ac.kr/Contents/Item/E0075665,기록화
도갑사수미왕사진영,http://encykorea.aks.ac.kr/Contents/Item/E0015488,불화/초상화
경기감영도병풍,http://encykorea.aks.ac.kr/Contents/Item/E0067040,기록화/풍속화
제주도 내왓당 무신도,http://encykorea.aks.ac.kr/Contents/Item/E0019112,무속화
공주 상세동 산신도,http://encykorea.aks.ac.kr/Contents/Item/E0073075,무속화
계산포무도,http://encykorea.aks.ac.kr/Contents/Item/E0003166,문인화
묵포도도,http://encykorea.aks.ac.kr/Contents/Item/E0060136,문인화
감로왕도,http://encykorea.aks.ac.kr/Contents/Item/E0000732,불화
감로왕도,http://encykorea.aks.ac.kr/Contents/Item/E0000733,불화
감로왕도,http://encykorea.aks.ac.kr/Contents/Item/E0000736,불화
동유첩,http://encykorea.aks.ac.kr/Contents/Item/E0016720,화첩
감로왕도,http://encykorea.aks.ac.kr/Contents/Item/E0000737,불화
감로왕도,http://encykorea.aks.ac.kr/Contents/Item/E0000738,불화
감로왕도,http://encykorea.aks.ac.kr/Contents/Item/E0000739,불화
감로왕도,http://encykorea.aks.ac.kr/Contents/Item/E0000740,불화
감로탱화,http://encykorea.aks.ac.kr/Contents/Item/E0000743,불화
갑사삼신불괘불탱,http://encykorea.aks.ac.kr/Contents/Item/E0000905,불화
개심사관경변상도,http://encykorea.aks.ac.kr/Contents/Item/E0001679,불화
개심사영산회괘불탱,http://encykorea.aks.ac.kr/Contents/Item/E0001682,불화
개암사영산회괘불탱 및 초본,http://encykorea.aks.ac.kr/Contents/Item/E0001694,불화
경국사 감로도,http://encykorea.aks.ac.kr/Contents/Item/E0002300,불화
매창매화도및옥산국화도첩,http://encykorea.aks.ac.kr/Contents/Item/E0017995,화첩
고려산원통암감로왕도,http://encykorea.aks.ac.kr/Contents/Item/E0003465,불화
고양군흥국사극락구품도,http://encykorea.aks.ac.kr/Contents/Item/E0003809,불화
명고영정,http://encykorea.aks.ac.kr/Contents/Item/E0018205,초상화
목은영정,http://encykorea.aks.ac.kr/Contents/Item/E0018665,초상화
목은이색선생영정,http://encykorea.aks.ac.kr/Contents/Item/E0018666,초상화
관경변상도,http://encykorea.aks.ac.kr/Contents/Item/E0004738,불화
관경변상도,http://encykorea.aks.ac.kr/Contents/Item/E0004739,불화
관경변상도,http://encykorea.aks.ac.kr/Contents/Item/E0004740,불화
관경변상도,http://encykorea.aks.ac.kr/Contents/Item/E0004741,불화
관경변상도,http://encykorea.aks.ac.kr/Contents/Item/E0004742,불화
관경서분변상도,http://encykorea.aks.ac.kr/Contents/Item/E0004743,불화
관경서품변상도,http://encykorea.aks.ac.kr/Contents/Item/E0004744,불화
관경십육관변상도,http://encykorea.aks.ac.kr/Contents/Item/E0004745,불화
관룡사감로왕도,http://encykorea.aks.ac.kr/Contents/Item/E0004815,불화
관음지장보살도,http://encykorea.aks.ac.kr/Contents/Item/E0004982,불화
광덕사노사나불괘불탱,http://encykorea.aks.ac.kr/Contents/Item/E0005084,불화
구룡사감로왕도,http://encykorea.aks.ac.kr/Contents/Item/E0005737,불화
국청사감로왕도,http://encykorea.aks.ac.kr/Contents/Item/E0006534,불화
극락구품탱화,http://encykorea.aks.ac.kr/Contents/Item/E0007350,불화
금당사괘불탱,http://encykorea.aks.ac.kr/Contents/Item/E0007655,불화
묵죽화책,http://encykorea.aks.ac.kr/Contents/Item/E0019360,화첩
남양주봉선사괘불,http://encykorea.aks.ac.kr/Contents/Item/E0012009,불화
미륵하생경변상도,http://encykorea.aks.ac.kr/Contents/Item/E0019937,불화/변상도
상주 남장사 감로왕도,http://encykorea.aks.ac.kr/Contents/Item/E0012120,불화
내소사영산회괘불탱,http://encykorea.aks.ac.kr/Contents/Item/E0012492,불화
박문수 초상,http://encykorea.aks.ac.kr/Contents/Item/E0020695,초상화
대흥사감로왕도,http://encykorea.aks.ac.kr/Contents/Item/E0015280,불화
대흥사관음보살도,http://encykorea.aks.ac.kr/Contents/Item/E0015282,불화
도갑사삼십이관음응신도,http://encykorea.aks.ac.kr/Contents/Item/E0015483,불화
도림사괘불,http://encykorea.aks.ac.kr/Contents/Item/E0015617,불화
도림사아미타극락회상도,http://encykorea.aks.ac.kr/Contents/Item/E0015619,불화
벽송당지엄영정,http://encykorea.aks.ac.kr/Contents/Item/E0022850,초상화
동화사아미타극락회상도,http://encykorea.aks.ac.kr/Contents/Item/E0016921,불화
동화사아미타극락회상도,http://encykorea.aks.ac.kr/Contents/Item/E0016922,불화
동화사염불암관경변상도,http://encykorea.aks.ac.kr/Contents/Item/E0016923,불화
마곡사석가모니불괘불탱,http://encykorea.aks.ac.kr/Contents/Item/E0017287,불화
마리지천경변상도,http://encykorea.aks.ac.kr/Contents/Item/E0017339,불화
망월사괘불탱,http://encykorea.aks.ac.kr/Contents/Item/E0017888,불화
묘법연화경변상도,http://encykorea.aks.ac.kr/Contents/Item/E0018868,불화
묘법연화경변상도,http://encykorea.aks.ac.kr/Contents/Item/E0018869,불화
신숙주 초상,http://encykorea.aks.ac.kr/Contents/Item/E0023592,초상화
보협인다라니경변상도,http://encykorea.aks.ac.kr/Contents/Item/E0023620,불화/변상도
무량사미륵불괘불탱,http://encykorea.aks.ac.kr/Contents/Item/E0019003,불화
무위사극락전백의관음도,http://encykorea.aks.ac.kr/Contents/Item/E0019192,불화
부모은중경변상도,http://encykorea.aks.ac.kr/Contents/Item/E0024160,불화/변상도
무위사아미타내영도,http://encykorea.aks.ac.kr/Contents/Item/E0019193,불화
강진 무위사 극락전 아미타여래삼존벽화,http://encykorea.aks.ac.kr/Contents/Item/E0019194,불화
문수사지장보살도,http://encykorea.aks.ac.kr/Contents/Item/E0019555,불화
백련사감로왕도,http://encykorea.aks.ac.kr/Contents/Item/E0022071,불화
북궐도형,http://encykorea.aks.ac.kr/Contents/Item/E0024644,지도
백천사운대암감로왕도,http://encykorea.aks.ac.kr/Contents/Item/E0022411,불화
범어사 비로자나불회도,http://encykorea.aks.ac.kr/Contents/Item/E0022583,불화
법륭사금당벽화,http://encykorea.aks.ac.kr/Contents/Item/E0022653,불화
법주사괘불탱,http://encykorea.aks.ac.kr/Contents/Item/E0022719,불화
보광사감로왕도,http://encykorea.aks.ac.kr/Contents/Item/E0023219,불화
보문사대웅전신중도,http://encykorea.aks.ac.kr/Contents/Item/E0023339,불화
보문사대웅전영산회상도,http://encykorea.aks.ac.kr/Contents/Item/E0023340,불화
보문사지장보살도,http://encykorea.aks.ac.kr/Contents/Item/E0023346,불화
보살사아미타극락회상도,http://encykorea.aks.ac.kr/Contents/Item/E0023388,불화
비장전변상도,http://encykorea.aks.ac.kr/Contents/Item/E0025231,불화/변상도
보살사영산회괘불탱,http://encykorea.aks.ac.kr/Contents/Item/E0023389,불화
보석사감로왕도,http://encykorea.aks.ac.kr/Contents/Item/E0023398,불화
봉서암감로왕도,http://encykorea.aks.ac.kr/Contents/Item/E0023913,불화
봉은사감로왕도,http://encykorea.aks.ac.kr/Contents/Item/E0023983,불화
전식 초상,http://encykorea.aks.ac.kr/Contents/Item/E0025704,초상화
사제첩,http://encykorea.aks.ac.kr/Contents/Item/E0025955,화첩
부석사영산회상도,http://encykorea.aks.ac.kr/Contents/Item/E0024306,불화
부석사조사당벽화,http://encykorea.aks.ac.kr/Contents/Item/E0024309,불화
북장사영산회괘불탱,http://encykorea.aks.ac.kr/Contents/Item/E0024705,불화
북지장사지장보살도,http://encykorea.aks.ac.kr/Contents/Item/E0024744,불화
북지장사지장보살도,http://encykorea.aks.ac.kr/Contents/Item/E0024745,불화
서직수 초상,http://encykorea.aks.ac.kr/Contents/Item/E0028204,초상화
불암사감로왕도,http://encykorea.aks.ac.kr/Contents/Item/E0024996,불화
불암사삼세불괘불탱,http://encykorea.aks.ac.kr/Contents/Item/E0024998,불화
불영사영산회상도,http://encykorea.aks.ac.kr/Contents/Item/E0025008,불화
불족도,http://encykorea.aks.ac.kr/Contents/Item/E0025037,불화
비로자나삼존도,http://encykorea.aks.ac.kr/Contents/Item/E0025123,불화
사룡산 금정암 제석탱,http://encykorea.aks.ac.kr/Contents/Item/E0025536,불화
삼척영은사괘불,http://encykorea.aks.ac.kr/Contents/Item/E0026856,불화
석가고행도,http://encykorea.aks.ac.kr/Contents/Item/E0028327,불화
선암사화엄경변상도,http://encykorea.aks.ac.kr/Contents/Item/E0028805,불화/변상도
석가삼존십육나한도,http://encykorea.aks.ac.kr/Contents/Item/E0028330,불화
선암사감로왕도,http://encykorea.aks.ac.kr/Contents/Item/E0028785,불화
선암사 석가모니불괘불탱 및 부속유물일괄,http://encykorea.aks.ac.kr/Contents/Item/E0028786,불화
선암사영산회상도,http://encykorea.aks.ac.kr/Contents/Item/E0028797,불화
선암사오십삼불도,http://encykorea.aks.ac.kr/Contents/Item/E0028798,불화
선암사칠성도,http://encykorea.aks.ac.kr/Contents/Item/E0028803,불화
선운사비로자나불회도,http://encykorea.aks.ac.kr/Contents/Item/E0028838,불화
성주이씨영정,http://encykorea.aks.ac.kr/Contents/Item/E0029605,초상화
성황신김총영정,http://encykorea.aks.ac.kr/Contents/Item/E0029723,초상화
선운사아미타극락회상도,http://encykorea.aks.ac.kr/Contents/Item/E0028841,불화
선운사천불회도,http://encykorea.aks.ac.kr/Contents/Item/E0028848,불화
손소 초상,http://encykorea.aks.ac.kr/Contents/Item/E0030518,초상화
송광사산신도,http://encykorea.aks.ac.kr/Contents/Item/E0030681,불화
순천 송광사 십육조사진영,http://encykorea.aks.ac.kr/Contents/Item/E0030684,불화
송광사오십삼불도,http://encykorea.aks.ac.kr/Contents/Item/E0030692,불화
송광사지장보살도,http://encykorea.aks.ac.kr/Contents/Item/E0030696,불화
순천 송광사 화엄경변상도,http://encykorea.aks.ac.kr/Contents/Item/E0030701,불화
수국사감로왕도,http://encykorea.aks.ac.kr/Contents/Item/E0031237,불화
수덕사노사나불괘불탱,http://encykorea.aks.ac.kr/Contents/Item/E0031275,불화
송시열 초상,http://encykorea.aks.ac.kr/Contents/Item/E0030899,초상화
수덕사벽화,http://encykorea.aks.ac.kr/Contents/Item/E0031278,불화
수도사노사나불괘불탱,http://encykorea.aks.ac.kr/Contents/Item/E0031287,불화
수원시봉녕사불화,http://encykorea.aks.ac.kr/Contents/Item/E0031605,불화
수월관음도,http://encykorea.aks.ac.kr/Contents/Item/E0031614,불화
수월관음도,http://encykorea.aks.ac.kr/Contents/Item/E0031615,불화
수월관음도,http://encykorea.aks.ac.kr/Contents/Item/E0031616,불화
수월관음도,http://encykorea.aks.ac.kr/Contents/Item/E0031617,불화
수월관음도,http://encykorea.aks.ac.kr/Contents/Item/E0031618,불화
수월관음도,http://encykorea.aks.ac.kr/Contents/Item/E0031619,불화
수월관음도,http://encykorea.aks.ac.kr/Contents/Item/E0031620,불화
수월관음보살도,http://encykorea.aks.ac.kr/Contents/Item/E0031621,불화
수종사금동불감아미타극락회상도,http://encykorea.aks.ac.kr/Contents/Item/E0031689,불화
시왕경변상도,http://encykorea.aks.ac.kr/Contents/Item/E0032415,불화
시왕도,http://encykorea.aks.ac.kr/Contents/Item/E0032416,불화
여주신륵사감로왕도,http://encykorea.aks.ac.kr/Contents/Item/E0032889,불화
신원사노사나불괘불탱,http://encykorea.aks.ac.kr/Contents/Item/E0033236,불화
신흥사감로왕도,http://encykorea.aks.ac.kr/Contents/Item/E0033622,불화
실상사아미타극락회상도,http://encykorea.aks.ac.kr/Contents/Item/E0033666,불화
하동쌍계사감로왕도,http://encykorea.aks.ac.kr/Contents/Item/E0034077,불화
신경유선생 영정 및 공신녹권,http://encykorea.aks.ac.kr/Contents/Item/E0032627,초상화
신경행 초상,http://encykorea.aks.ac.kr/Contents/Item/E0032635,초상화
쌍계사아미타극락회상도,http://encykorea.aks.ac.kr/Contents/Item/E0034091,불화
신말주선생의십로계첩,http://encykorea.aks.ac.kr/Contents/Item/E0032908,화첩
쌍계사약사불회도,http://encykorea.aks.ac.kr/Contents/Item/E0034092,불화
쌍계사제석천룡도,http://encykorea.aks.ac.kr/Contents/Item/E0034095,불화
쌍계사팔상전팔상탱,http://encykorea.aks.ac.kr/Contents/Item/E0034101,불화
신잡 초상,http://encykorea.aks.ac.kr/Contents/Item/E0033327,초상화
쌍계사팔상전영산회상도,http://encykorea.aks.ac.kr/Contents/Item/E0034104,불화
신후재 초상,http://encykorea.aks.ac.kr/Contents/Item/E0033599,초상화
아미타구존도,http://encykorea.aks.ac.kr/Contents/Item/E0034292,불화
아미타구존도,http://encykorea.aks.ac.kr/Contents/Item/E0034293,불화
심득경초상,http://encykorea.aks.ac.kr/Contents/Item/E0033769,초상화
십죽재화보,http://encykorea.aks.ac.kr/Contents/Item/E0034041,화첩
아미타구존도,http://encykorea.aks.ac.kr/Contents/Item/E0034294,불화
아미타구존도,http://encykorea.aks.ac.kr/Contents/Item/E0034295,불화
아미타극락회상도,http://encykorea.aks.ac.kr/Contents/Item/E0034296,불화
아미타삼존도,http://encykorea.aks.ac.kr/Contents/Item/E0034299,불화
아미타삼존도,http://encykorea.aks.ac.kr/Contents/Item/E0034300,불화
아미타삼존도,http://encykorea.aks.ac.kr/Contents/Item/E0034301,불화
아미타삼존도,http://encykorea.aks.ac.kr/Contents/Item/E0034302,불화
아미타삼존도,http://encykorea.aks.ac.kr/Contents/Item/E0034303,불화
아미타여래도,http://encykorea.aks.ac.kr/Contents/Item/E0034305,불화
아미타여래도,http://encykorea.aks.ac.kr/Contents/Item/E0034306,불화
아미타여래도,http://encykorea.aks.ac.kr/Contents/Item/E0034307,불화
아미타여래도,http://encykorea.aks.ac.kr/Contents/Item/E0034308,불화
아미타여래도,http://encykorea.aks.ac.kr/Contents/Item/E0034309,불화
아미타여래도,http://encykorea.aks.ac.kr/Contents/Item/E0034310,불화
아미타여래도,http://encykorea.aks.ac.kr/Contents/Item/E0034311,불화
아미타여래도,http://encykorea.aks.ac.kr/Contents/Item/E0034312,불화
안국사영산회괘불탱,http://encykorea.aks.ac.kr/Contents/Item/E0034538,불화
안심사영산회괘불탱,http://encykorea.aks.ac.kr/Contents/Item/E0034858,불화
통영 안정사 영산회괘불도,http://encykorea.aks.ac.kr/Contents/Item/E0034992,불화
양류관음도,http://encykorea.aks.ac.kr/Contents/Item/E0035494,불화
양류관음도,http://encykorea.aks.ac.kr/Contents/Item/E0035495,불화
양류관음도,http://encykorea.aks.ac.kr/Contents/Item/E0035496,불화
양류관음도,http://encykorea.aks.ac.kr/Contents/Item/E0035497,불화
양류관음도,http://encykorea.aks.ac.kr/Contents/Item/E0035498,불화
양류관음도,http://encykorea.aks.ac.kr/Contents/Item/E0035499,불화
여래불적도,http://encykorea.aks.ac.kr/Contents/Item/E0036313,불화
염불암삼장보살도,http://encykorea.aks.ac.kr/Contents/Item/E0037102,불화
영국사삼장보살도,http://encykorea.aks.ac.kr/Contents/Item/E0037235,불화
영국사 영산회후불탱,http://encykorea.aks.ac.kr/Contents/Item/E0037237,불화
정탁 초상,http://encykorea.aks.ac.kr/Contents/Item/E0035378,초상화
영산회상도,http://encykorea.aks.ac.kr/Contents/Item/E0037448,불화
고려 오백나한도,http://encykorea.aks.ac.kr/Contents/Item/E0038259,불화
오백나한도,http://encykorea.aks.ac.kr/Contents/Item/E0038260,불화
옥천사삼장보살도,http://encykorea.aks.ac.kr/Contents/Item/E0038789,불화
옥천사 시왕도,http://encykorea.aks.ac.kr/Contents/Item/E0038790,불화
옥천사 지장보살도,http://encykorea.aks.ac.kr/Contents/Item/E0038793,불화
예천용문사팔상탱,http://encykorea.aks.ac.kr/Contents/Item/E0039486,불화
용봉사영산회괘불탱,http://encykorea.aks.ac.kr/Contents/Item/E0039504,불화
용연사영산회상도,http://encykorea.aks.ac.kr/Contents/Item/E0039606,불화
용주사감로왕도,http://encykorea.aks.ac.kr/Contents/Item/E0039675,불화
용주사대웅전후불탱화,http://encykorea.aks.ac.kr/Contents/Item/E0039677,불화
화성용주사삼장보살도,http://encykorea.aks.ac.kr/Contents/Item/E0039681,불화
운흥사감로왕도,http://encykorea.aks.ac.kr/Contents/Item/E0040424,불화
운흥사 괘불탱 및 궤,http://encykorea.aks.ac.kr/Contents/Item/E0040426,불화
고성 운흥사 관음보살도,http://encykorea.aks.ac.kr/Contents/Item/E0040429,불화
운흥사팔상도,http://encykorea.aks.ac.kr/Contents/Item/E0040431,불화
은해사감로왕도,http://encykorea.aks.ac.kr/Contents/Item/E0042915,불화
은해사괘불탱,http://encykorea.aks.ac.kr/Contents/Item/E0042917,불화
오명항 초상 및 양무공신교서,http://encykorea.aks.ac.kr/Contents/Item/E0038233,초상화
은해사아미타삼존도,http://encykorea.aks.ac.kr/Contents/Item/E0042923,불화
영천 은해사 염불왕생첩경도,http://encykorea.aks.ac.kr/Contents/Item/E0042924,불화
은해사지장보살도,http://encykorea.aks.ac.kr/Contents/Item/E0042927,불화
의겸등필수월관음도,http://encykorea.aks.ac.kr/Contents/Item/E0043118,불화
자궁정사지장보살도,http://encykorea.aks.ac.kr/Contents/Item/E0047870,불화
장곡사미륵불괘불탱,http://encykorea.aks.ac.kr/Contents/Item/E0048283,불화
장곡사아미타극락회상도,http://encykorea.aks.ac.kr/Contents/Item/E0048286,불화
적천사괘불탱및지주,http://encykorea.aks.ac.kr/Contents/Item/E0049196,불화
정업원관경변상도,http://encykorea.aks.ac.kr/Contents/Item/E0050579,불화
죽림사세존괘불탱,http://encykorea.aks.ac.kr/Contents/Item/E0053512,불화
지옥변상도,http://encykorea.aks.ac.kr/Contents/Item/E0054311,불화
지장도,http://encykorea.aks.ac.kr/Contents/Item/E0054345,불화
지장보살도,http://encykorea.aks.ac.kr/Contents/Item/E0054348,불화
지장보살도,http://encykorea.aks.ac.kr/Contents/Item/E0054349,불화
지장보살도,http://encykorea.aks.ac.kr/Contents/Item/E0054350,불화
운암영당고운선생영정,http://encykorea.aks.ac.kr/Contents/Item/E0040343,초상화
지장보살도,http://encykorea.aks.ac.kr/Contents/Item/E0054351,불화
지장보살삼존도,http://encykorea.aks.ac.kr/Contents/Item/E0054356,불화
지장사 감로도,http://encykorea.aks.ac.kr/Contents/Item/E0054359,불화
지장시왕도,http://encykorea.aks.ac.kr/Contents/Item/E0054361,불화
지장시왕도,http://encykorea.aks.ac.kr/Contents/Item/E0054362,불화
지장시왕도,http://encykorea.aks.ac.kr/Contents/Item/E0054363,불화
지장시왕도,http://encykorea.aks.ac.kr/Contents/Item/E0054364,불화
유근 초상,http://encykorea.aks.ac.kr/Contents/Item/E0041300,초상화
유수 초상,http://encykorea.aks.ac.kr/Contents/Item/E0041581,초상화
윤관초상,http://encykorea.aks.ac.kr/Contents/Item/E0042218,초상화
윤두서 자화상,http://encykorea.aks.ac.kr/Contents/Item/E0042298,초상화
지장시왕도,http://encykorea.aks.ac.kr/Contents/Item/E0054365,불화
지장시왕도,http://encykorea.aks.ac.kr/Contents/Item/E0054366,불화
직지사감로왕도,http://encykorea.aks.ac.kr/Contents/Item/E0054539,불화
직지사대웅전삼존불탱화,http://encykorea.aks.ac.kr/Contents/Item/E0054541,불화
진천 영수사 영산회괘불탱,http://encykorea.aks.ac.kr/Contents/Item/E0054952,불화
을묘년화첩,http://encykorea.aks.ac.kr/Contents/Item/E0042942,화첩
천수국만다라수장,http://encykorea.aks.ac.kr/Contents/Item/E0055927,불화
의순관영조도,http://encykorea.aks.ac.kr/Contents/Item/E0043306,화첩
이광사초상,http://encykorea.aks.ac.kr/Contents/Item/E0043686,초상화
천수천안관음도,http://encykorea.aks.ac.kr/Contents/Item/E0055934,불화
천은사극락전아미타후불탱화,http://encykorea.aks.ac.kr/Contents/Item/E0055988,불화
이만유영정,http://encykorea.aks.ac.kr/Contents/Item/E0044172,초상화
이상길 초상,http://encykorea.aks.ac.kr/Contents/Item/E0044578,초상화
이상좌불화첩,http://encykorea.aks.ac.kr/Contents/Item/E0044615,화첩
이색초상,http://encykorea.aks.ac.kr/Contents/Item/E0044642,초상화
이수일 진무공신교서 및 초상,http://encykorea.aks.ac.kr/Contents/Item/E0044853,초상화
이숭원초상화,http://encykorea.aks.ac.kr/Contents/Item/E0044921,초상화
천은사영산회상도,http://encykorea.aks.ac.kr/Contents/Item/E0055990,불화
이운룡장군영정,http://encykorea.aks.ac.kr/Contents/Item/E0045321,초상화
이원익선생영정,http://encykorea.aks.ac.kr/Contents/Item/E0045375,초상화
이재초상,http://encykorea.aks.ac.kr/Contents/Item/E0045756,초상화
이채초상,http://encykorea.aks.ac.kr/Contents/Item/E0046196,초상화
이항복초상,http://encykorea.aks.ac.kr/Contents/Item/E0046431,초상화
이제현 초상,http://encykorea.aks.ac.kr/Contents/Item/E0046803,초상화
익재영정,http://encykorea.aks.ac.kr/Contents/Item/E0046804,초상화
천은사제석천룡도,http://encykorea.aks.ac.kr/Contents/Item/E0055991,불화
천은사칠성도,http://encykorea.aks.ac.kr/Contents/Item/E0055992,불화
정몽주 초상,http://encykorea.aks.ac.kr/Contents/Item/E0047029,초상화
청계사삼신불괘불탱,http://encykorea.aks.ac.kr/Contents/Item/E0056243,불화
청곡사영산회괘불탱,http://encykorea.aks.ac.kr/Contents/Item/E0056265,불화
자장율사진영,http://encykorea.aks.ac.kr/Contents/Item/E0048066,초상화
청량산괘불탱,http://encykorea.aks.ac.kr/Contents/Item/E0056393,불화
청룡사감로탱,http://encykorea.aks.ac.kr/Contents/Item/E0056414,불화
장만 영정 및 공신녹권,http://encykorea.aks.ac.kr/Contents/Item/E0048437,초상화
장말손 초상,http://encykorea.aks.ac.kr/Contents/Item/E0048439,초상화
청룡사영산회괘불탱,http://encykorea.aks.ac.kr/Contents/Item/E0056424,불화
청평사지장보살도,http://encykorea.aks.ac.kr/Contents/Item/E0056815,불화
염제신 초상,http://encykorea.aks.ac.kr/Contents/Item/E0049245,초상화
오자치 초상,http://encykorea.aks.ac.kr/Contents/Item/E0049537,초상화
전운상영정,http://encykorea.aks.ac.kr/Contents/Item/E0049559,초상화
전일상영정및한유도,http://encykorea.aks.ac.kr/Contents/Item/E0049606,초상화
칠성도,http://encykorea.aks.ac.kr/Contents/Item/E0058495,불화
정수충 초상 및 중모기,http://encykorea.aks.ac.kr/Contents/Item/E0050462,초상화
칠장사삼불회괘불탱,http://encykorea.aks.ac.kr/Contents/Item/E0058527,불화
정우량영정,http://encykorea.aks.ac.kr/Contents/Item/E0050633,초상화
칠장사오불회괘불탱,http://encykorea.aks.ac.kr/Contents/Item/E0058529,불화
통도사감로왕도,http://encykorea.aks.ac.kr/Contents/Item/E0059256,불화
통도사감로왕도,http://encykorea.aks.ac.kr/Contents/Item/E0059257,불화
영조어진,http://encykorea.aks.ac.kr/Contents/Item/E0052152,초상화
조선태조어진,http://encykorea.aks.ac.kr/Contents/Item/E0052247,초상화
조영복 초상,http://encykorea.aks.ac.kr/Contents/Item/E0052394,초상화
조영복 초상,http://encykorea.aks.ac.kr/Contents/Item/E0052395,초상화
주세붕 초상,http://encykorea.aks.ac.kr/Contents/Item/E0053320,초상화
주세붕영정,http://encykorea.aks.ac.kr/Contents/Item/E0053321,초상화
통도사대광명전삼신불도,http://encykorea.aks.ac.kr/Contents/Item/E0059272,불화
통도사대광명전신중탱화,http://encykorea.aks.ac.kr/Contents/Item/E0059273,불화
통도사삼화상진영,http://encykorea.aks.ac.kr/Contents/Item/E0059283,불화
통도사약사불회도,http://encykorea.aks.ac.kr/Contents/Item/E0059291,불화
통도사영산회상탱,http://encykorea.aks.ac.kr/Contents/Item/E0059294,불화
통도사영산전팔상도,http://encykorea.aks.ac.kr/Contents/Item/E0059295,불화
통도사오계수호신장도,http://encykorea.aks.ac.kr/Contents/Item/E0059297,불화
통도사팔금강도,http://encykorea.aks.ac.kr/Contents/Item/E0059305,불화
파계사삼장보살도,http://encykorea.aks.ac.kr/Contents/Item/E0059538,불화
파계사영산회상도,http://encykorea.aks.ac.kr/Contents/Item/E0059539,불화
팔상도,http://encykorea.aks.ac.kr/Contents/Item/E0059745,불화
표충사아미타삼존도,http://encykorea.aks.ac.kr/Contents/Item/E0060282,불화
표충사영정및탱화,http://encykorea.aks.ac.kr/Contents/Item/E0060283,불화
합천 해인사 감로왕도,http://encykorea.aks.ac.kr/Contents/Item/E0062705,불화
해인사수월관음도,http://encykorea.aks.ac.kr/Contents/Item/E0062722,불화
해인사 영산회상도,http://encykorea.aks.ac.kr/Contents/Item/E0062723,불화
만연사 괘불탱,http://encykorea.aks.ac.kr/Contents/Item/E0064706,불화
화엄사영산회괘불탱,http://encykorea.aks.ac.kr/Contents/Item/E0064801,불화
채제공선생영정,http://encykorea.aks.ac.kr/Contents/Item/E0055649,초상화
회암사약사삼존도,http://encykorea.aks.ac.kr/Contents/Item/E0065526,불화
흥국사감로왕도,http://encykorea.aks.ac.kr/Contents/Item/E0065959,불화
여수 흥국사 수월관음도,http://encykorea.aks.ac.kr/Contents/Item/E0065961,불화
여수 흥국사 노사나불괘불탱,http://encykorea.aks.ac.kr/Contents/Item/E0065962,불화
흥국사대웅전후불탱,http://encykorea.aks.ac.kr/Contents/Item/E0065964,불화
흥국사아미타삼존도,http://encykorea.aks.ac.kr/Contents/Item/E0065967,불화
흥국사영산회상도,http://encykorea.aks.ac.kr/Contents/Item/E0065968,불화
흥국사제석천룡도,http://encykorea.aks.ac.kr/Contents/Item/E0065970,불화
김진 초상,http://encykorea.aks.ac.kr/Contents/Item/E0056238,초상화
흥천사감로왕도,http://encykorea.aks.ac.kr/Contents/Item/E0066058,불화
고성운흥사미타회탱화,http://encykorea.aks.ac.kr/Contents/Item/E0067047,불화
고성운흥사약사탱화,http://encykorea.aks.ac.kr/Contents/Item/E0067048,불화
금탑사괘불탱,http://encykorea.aks.ac.kr/Contents/Item/E0067070,불화
김해은하사대웅전벽화,http://encykorea.aks.ac.kr/Contents/Item/E0067080,불화
다보사괘불탱,http://encykorea.aks.ac.kr/Contents/Item/E0067108,불화
단양 구인사 아미타회상도,http://encykorea.aks.ac.kr/Contents/Item/E0067110,불화
마하사현왕도,http://encykorea.aks.ac.kr/Contents/Item/E0067125,불화
최덕지 초상 및 유지 초본,http://encykorea.aks.ac.kr/Contents/Item/E0057251,초상화
유백증초상,http://encykorea.aks.ac.kr/Contents/Item/E0058100,초상화
임경업초상,http://encykorea.aks.ac.kr/Contents/Item/E0058143,초상화
충숙이공 영정,http://encykorea.aks.ac.kr/Contents/Item/E0058161,초상화
무량사 극락전 후불탱,http://encykorea.aks.ac.kr/Contents/Item/E0067133,불화
미황사괘불탱,http://encykorea.aks.ac.kr/Contents/Item/E0067136,불화
범어사관음전백의관음보살도,http://encykorea.aks.ac.kr/Contents/Item/E0067149,불화
범어사사천왕도,http://encykorea.aks.ac.kr/Contents/Item/E0067150,불화
범어사제석신중도,http://encykorea.aks.ac.kr/Contents/Item/E0067152,불화
보성대원사지장·시왕·사자탱화,http://encykorea.aks.ac.kr/Contents/Item/E0067170,불화
북고사신중탱화,http://encykorea.aks.ac.kr/Contents/Item/E0067177,불화
산청대원사신중도,http://encykorea.aks.ac.kr/Contents/Item/E0067185,불화
산청문수암석가영산회후불탱,http://encykorea.aks.ac.kr/Contents/Item/E0067186,불화
상주황령사아미타후불탱,http://encykorea.aks.ac.kr/Contents/Item/E0067192,불화
창원 성주사 감로왕도,http://encykorea.aks.ac.kr/Contents/Item/E0067198,불화
쌍계사국사암아미타후불탱,http://encykorea.aks.ac.kr/Contents/Item/E0067230,불화
쌍계사삼장보살탱,http://encykorea.aks.ac.kr/Contents/Item/E0067232,불화
쌍계사팔상전신중탱,http://encykorea.aks.ac.kr/Contents/Item/E0067233,불화
안양암함풍11년명신중도,http://encykorea.aks.ac.kr/Contents/Item/E0067238,불화
양산내원사아미타삼존탱,http://encykorea.aks.ac.kr/Contents/Item/E0067240,불화
양산통도사극락암칠성탱,http://encykorea.aks.ac.kr/Contents/Item/E0067249,불화
양산비로암탱화,http://encykorea.aks.ac.kr/Contents/Item/E0067250,불화
오덕사괘불탱,http://encykorea.aks.ac.kr/Contents/Item/E0067274,불화
용흥사삼불회괘불탱,http://encykorea.aks.ac.kr/Contents/Item/E0067284,불화
율곡사괘불탱,http://encykorea.aks.ac.kr/Contents/Item/E0067299,불화
의령수도사감로탱,http://encykorea.aks.ac.kr/Contents/Item/E0067303,불화
진주청곡사영산회상도,http://encykorea.aks.ac.kr/Contents/Item/E0067365,불화
진해 정암사 신중탱 및 초본,http://encykorea.aks.ac.kr/Contents/Item/E0067367,불화
진해 정암사 아미타후불탱 및 초본,http://encykorea.aks.ac.kr/Contents/Item/E0067368,불화
천은사괘불탱,http://encykorea.aks.ac.kr/Contents/Item/E0067375,불화
축서사괘불탱,http://encykorea.aks.ac.kr/Contents/Item/E0067395,불화
통도사가경17년명지장시왕탱,http://encykorea.aks.ac.kr/Contents/Item/E0067406,불화
한양성도,http://encykorea.aks.ac.kr/Contents/Item/E0061815,지도
한응인영정및재실유물,http://encykorea.aks.ac.kr/Contents/Item/E0061887,초상화
해남 윤씨 가전 고화첩 일괄,http://encykorea.aks.ac.kr/Contents/Item/E0062471,화첩
통도사가경삼년미륵후불탱,http://encykorea.aks.ac.kr/Contents/Item/E0067407,불화
통도사건륭십칠년아미타후불탱,http://encykorea.aks.ac.kr/Contents/Item/E0067408,불화
통도사 건륭40년현왕탱,http://encykorea.aks.ac.kr/Contents/Item/E0067409,불화
통도사 건륭57년명신중도,http://encykorea.aks.ac.kr/Contents/Item/E0067410,불화
통도사 건륭57년삼장보살탱,http://encykorea.aks.ac.kr/Contents/Item/E0067411,불화
통도사괘불탱,http://encykorea.aks.ac.kr/Contents/Item/E0067412,불화
통도사동치5년칠성탱,http://encykorea.aks.ac.kr/Contents/Item/E0067414,불화
통도사석가여래괘불탱,http://encykorea.aks.ac.kr/Contents/Item/E0067415,불화
통도사 지장시왕탱,http://encykorea.aks.ac.kr/Contents/Item/E0067416,불화
통도사함풍11년칠성탱,http://encykorea.aks.ac.kr/Contents/Item/E0067419,불화
통도사화엄탱,http://encykorea.aks.ac.kr/Contents/Item/E0067420,불화
화엄변상도,http://encykorea.aks.ac.kr/Contents/Item/E0064784,불화/변상도
함양용추사건륭18년천룡탱,http://encykorea.aks.ac.kr/Contents/Item/E0067436,불화
화원군영정,http://encykorea.aks.ac.kr/Contents/Item/E0064833,초상화
황방촌영정,http://encykorea.aks.ac.kr/Contents/Item/E0065145,초상화
함창상원사사불회탱,http://encykorea.aks.ac.kr/Contents/Item/E0067438,불화
회헌개모영정,http://encykorea.aks.ac.kr/Contents/Item/E0065592,초상화
안향 초상,http://encykorea.aks.ac.kr/Contents/Item/E0065594,초상화
효령대군영정,http://encykorea.aks.ac.kr/Contents/Item/E0065652,초상화
현등사 아미타회상도,http://encykorea.aks.ac.kr/Contents/Item/E0067446,불화
화엄사대웅전삼신불탱,http://encykorea.aks.ac.kr/Contents/Item/E0067460,불화
전등사약사전후불탱,http://encykorea.aks.ac.kr/Contents/Item/E0067510,불화
전등사약사전현왕탱,http://encykorea.aks.ac.kr/Contents/Item/E0067530,불화
청련사 원통암 감로왕탱,http://encykorea.aks.ac.kr/Contents/Item/E0067531,불화
청련사 큰법당 삼장탱,http://encykorea.aks.ac.kr/Contents/Item/E0067532,불화
청련사 큰법당 현왕탱,http://encykorea.aks.ac.kr/Contents/Item/E0067533,불화
문수사탱화,http://encykorea.aks.ac.kr/Contents/Item/E0067538,불화
사명당대장진영,http://encykorea.aks.ac.kr/Contents/Item/E0067539,불화
통도사아미타여래설법도,http://encykorea.aks.ac.kr/Contents/Item/E0067542,불화
함양 법인사 감로왕도,http://encykorea.aks.ac.kr/Contents/Item/E0067543,불화
흥국사십육나한도,http://encykorea.aks.ac.kr/Contents/Item/E0069520,불화
쌍계사대웅전삼세불탱,http://encykorea.aks.ac.kr/Contents/Item/E0069521,불화
송광사응진당석가모니후불탱·십육나한탱,http://encykorea.aks.ac.kr/Contents/Item/E0069522,불화
송광사영산전후불탱·팔상탱,http://encykorea.aks.ac.kr/Contents/Item/E0069523,불화
선암사 석가모니불괘불탱 및 부속유물일괄,http://encykorea.aks.ac.kr/Contents/Item/E0069524,불화
수월관음도,http://encykorea.aks.ac.kr/Contents/Item/E0069525,불화
예천 용문사 영산회괘불탱,http://encykorea.aks.ac.kr/Contents/Item/E0069530,불화
남해 용문사 괘불탱,http://encykorea.aks.ac.kr/Contents/Item/E0069531,불화
대원군초상화,http://encykorea.aks.ac.kr/Contents/Item/E0067119,초상화
영산회상도,http://encykorea.aks.ac.kr/Contents/Item/E0069543,불화
진천 영수사 영산회괘불탱,http://encykorea.aks.ac.kr/Contents/Item/E0069547,불화
해남대흥사영산회괘불탱,http://encykorea.aks.ac.kr/Contents/Item/E0069548,불화
순천선암사서부도암감로왕도,http://encykorea.aks.ac.kr/Contents/Item/E0069549,불화
순천선암사33조사도,http://encykorea.aks.ac.kr/Contents/Item/E0069550,불화
범어사의상대사영정,http://encykorea.aks.ac.kr/Contents/Item/E0067151,초상화
영주부석사오불회괘불탱,http://encykorea.aks.ac.kr/Contents/Item/E0069551,불화
성주 선석사 영산회 괘불탱,http://encykorea.aks.ac.kr/Contents/Item/E0069552,불화
포항보경사괘불탱,http://encykorea.aks.ac.kr/Contents/Item/E0069553,불화
경주기림사비로자나삼불회도,http://encykorea.aks.ac.kr/Contents/Item/E0069554,불화
영천 봉림사 영산회상도 및 복장유물,http://encykorea.aks.ac.kr/Contents/Item/E0069555,불화
청도운문사비로자나삼신불회도,http://encykorea.aks.ac.kr/Contents/Item/E0069556,불화
안동봉정사영산회상벽화,http://encykorea.aks.ac.kr/Contents/Item/E0069557,불화
송암이충원영정,http://encykorea.aks.ac.kr/Contents/Item/E0067215,초상화
신재한상경영정,http://encykorea.aks.ac.kr/Contents/Item/E0067226,초상화
구미수다사영산회상도,http://encykorea.aks.ac.kr/Contents/Item/E0069559,불화
안동봉정사영산회괘불도,http://encykorea.aks.ac.kr/Contents/Item/E0069560,불화
안동봉정사아미타설법도,http://encykorea.aks.ac.kr/Contents/Item/E0069561,불화
예천용문사천불도,http://encykorea.aks.ac.kr/Contents/Item/E0069562,불화
공주 갑사 석가여래삼세불도 및 복장유물,http://encykorea.aks.ac.kr/Contents/Item/E0069563,불화
금강도,http://encykorea.aks.ac.kr/Contents/Item/E0069564,불화
범천도,http://encykorea.aks.ac.kr/Contents/Item/E0069565,불화
삼장보살도,http://encykorea.aks.ac.kr/Contents/Item/E0069570,불화
하동쌍계사괘불도,http://encykorea.aks.ac.kr/Contents/Item/E0070920,불화
양산통도사영산전벽화,http://encykorea.aks.ac.kr/Contents/Item/E0070930,불화
남양주봉선사비로자나삼신괘불도,http://encykorea.aks.ac.kr/Contents/Item/E0071244,불화
경주 불국사 영산회상도 및 사천왕 벽화,http://encykorea.aks.ac.kr/Contents/Item/E0071249,불화
합천해인사지장시왕도,http://encykorea.aks.ac.kr/Contents/Item/E0071255,불화
문경김룡사영산회괘불도,http://encykorea.aks.ac.kr/Contents/Item/E0072964,불화
양산신흥사대광전벽화,http://encykorea.aks.ac.kr/Contents/Item/E0072975,불화
서산개심사오방오제위도및사직사자도,http://encykorea.aks.ac.kr/Contents/Item/E0072977,불화
서산개심사제석범천도및팔금강사위보살도,http://encykorea.aks.ac.kr/Contents/Item/E0072978,불화
대구동화사삼장보살도,http://encykorea.aks.ac.kr/Contents/Item/E0072981,불화
대구동화사지장시왕도,http://encykorea.aks.ac.kr/Contents/Item/E0072982,불화
대구 동화사 제석도,http://encykorea.aks.ac.kr/Contents/Item/E0073022,불화
대구 동화사 천룡도,http://encykorea.aks.ac.kr/Contents/Item/E0073023,불화
대구 동화사 염불암 극락구품도,http://encykorea.aks.ac.kr/Contents/Item/E0073024,불화
대구 동화사 칠성도,http://encykorea.aks.ac.kr/Contents/Item/E0073025,불화
대구 동화사 지장삼존도,http://encykorea.aks.ac.kr/Contents/Item/E0073026,불화
능인교당 신중탱화,http://encykorea.aks.ac.kr/Contents/Item/E0073027,불화
대구 동화사 인악당대사 의첨 진영,http://encykorea.aks.ac.kr/Contents/Item/E0073028,불화
대구 동화사 대웅전 석가영산회상도,http://encykorea.aks.ac.kr/Contents/Item/E0073029,불화
백련정사 칠성도,http://encykorea.aks.ac.kr/Contents/Item/E0073030,불화
시왕도,http://encykorea.aks.ac.kr/Contents/Item/E0073057,불화
속초 신흥사 안양암 아미타회상도,http://encykorea.aks.ac.kr/Contents/Item/E0073071,불화
수원 청련암 영산회상도,http://encykorea.aks.ac.kr/Contents/Item/E0073107,불화
안성 칠장사 대웅전 영산회상도,http://encykorea.aks.ac.kr/Contents/Item/E0073124,불화
남양주 봉영사 아미타불도,http://encykorea.aks.ac.kr/Contents/Item/E0073141,불화
합천홍제암임난삼화상영정,http://encykorea.aks.ac.kr/Contents/Item/E0067440,초상화
남양주 봉영사 지장시왕도,http://encykorea.aks.ac.kr/Contents/Item/E0073142,불화
남양주 봉영사 신중도,http://encykorea.aks.ac.kr/Contents/Item/E0073143,불화
남양주 봉영사 산신도,http://encykorea.aks.ac.kr/Contents/Item/E0073144,불화
강이오초상,http://encykorea.aks.ac.kr/Contents/Item/E0067500,초상화
남구만초상,http://encykorea.aks.ac.kr/Contents/Item/E0067501,초상화
심환지초상,http://encykorea.aks.ac.kr/Contents/Item/E0067502,초상화
연잉군초상,http://encykorea.aks.ac.kr/Contents/Item/E0067503,초상화
임장초상,http://encykorea.aks.ac.kr/Contents/Item/E0067504,초상화
의왕 청계사 신중도,http://encykorea.aks.ac.kr/Contents/Item/E0073154,불화
기원사독성도,http://encykorea.aks.ac.kr/Contents/Item/E0073165,불화
지장암지장보살도,http://encykorea.aks.ac.kr/Contents/Item/E0073166,불화
지장암산신도,http://encykorea.aks.ac.kr/Contents/Item/E0073167,불화
사자암 신중도,http://encykorea.aks.ac.kr/Contents/Item/E0073170,불화
대구 동화사 보조국사지눌진영,http://encykorea.aks.ac.kr/Contents/Item/E0067537,초상화
사자암 영산회괘불도,http://encykorea.aks.ac.kr/Contents/Item/E0073171,불화
사자암 현왕도,http://encykorea.aks.ac.kr/Contents/Item/E0073172,불화
양산통도사소장김경호영정,http://encykorea.aks.ac.kr/Contents/Item/E0067540,초상화
양산통도사소장신석우영정,http://encykorea.aks.ac.kr/Contents/Item/E0067541,초상화
천축사 비로자나삼신불도,http://encykorea.aks.ac.kr/Contents/Item/E0073174,불화
천축사 비로자나삼신괘불도,http://encykorea.aks.ac.kr/Contents/Item/E0073175,불화
박유명초상,http://encykorea.aks.ac.kr/Contents/Item/E0067560,초상화
유숙 초상 및 관련 교지,http://encykorea.aks.ac.kr/Contents/Item/E0067562,초상화
유언호초상,http://encykorea.aks.ac.kr/Contents/Item/E0067563,초상화
윤급초상,http://encykorea.aks.ac.kr/Contents/Item/E0067564,초상화
윤증초상일괄,http://encykorea.aks.ac.kr/Contents/Item/E0067565,초상화
이덕성 초상 및 관련자료 일괄,http://encykorea.aks.ac.kr/Contents/Item/E0067566,초상화
이성윤초상,http://encykorea.aks.ac.kr/Contents/Item/E0067567,초상화
이시방초상,http://encykorea.aks.ac.kr/Contents/Item/E0067568,초상화
이하응초상일괄,http://encykorea.aks.ac.kr/Contents/Item/E0067569,초상화
무위사극락전내벽사면벽화,http://encykorea.aks.ac.kr/Contents/Item/E0069519,초상화
여수 흥국사 삼장보살도,http://encykorea.aks.ac.kr/Contents/Item/E0073184,불화
여수 흥국사 제석도,http://encykorea.aks.ac.kr/Contents/Item/E0073187,불화
제천 신륵사 극락전 벽화 및 단청,http://encykorea.aks.ac.kr/Contents/Item/E0073190,불화
나주죽림사극락전영산회상도,http://encykorea.aks.ac.kr/Contents/Item/E0073191,불화
영광 불갑사 대웅전 삼세불회도,http://encykorea.aks.ac.kr/Contents/Item/E0073205,불화
보은 법주사 복천암 신중도,http://encykorea.aks.ac.kr/Contents/Item/E0073206,불화
보은 법주사 복천암 삼세불도,http://encykorea.aks.ac.kr/Contents/Item/E0073207,불화
영광 불갑사 팔상전 영산회상도,http://encykorea.aks.ac.kr/Contents/Item/E0073208,불화
영광 불갑사 지장시왕도,http://encykorea.aks.ac.kr/Contents/Item/E0073210,불화
보은 문수암 산신도,http://encykorea.aks.ac.kr/Contents/Item/E0073212,불화
보은 보은사 지장시왕도,http://encykorea.aks.ac.kr/Contents/Item/E0073225,불화
진천 영수사 신중도,http://encykorea.aks.ac.kr/Contents/Item/E0073236,불화
조씨삼형제초상,http://encykorea.aks.ac.kr/Contents/Item/E0069532,초상화
김유 초상,http://encykorea.aks.ac.kr/Contents/Item/E0069533,초상화
철종어진,http://encykorea.aks.ac.kr/Contents/Item/E0069534,초상화
오재순초상,http://encykorea.aks.ac.kr/Contents/Item/E0069535,초상화
황현 초상 및 사진,http://encykorea.aks.ac.kr/Contents/Item/E0069536,초상화
조선후기문인초상,http://encykorea.aks.ac.kr/Contents/Item/E0069537,초상화
김이안 초상,http://encykorea.aks.ac.kr/Contents/Item/E0069538,초상화
전윤효전초상,http://encykorea.aks.ac.kr/Contents/Item/E0069539,초상화
순천 선암사 선각국사 도선 진영,http://encykorea.aks.ac.kr/Contents/Item/E0069540,초상화
허목초상,http://encykorea.aks.ac.kr/Contents/Item/E0069541,초상화
최익현초상,http://encykorea.aks.ac.kr/Contents/Item/E0069542,초상화
법장사 아미타괘불도 및 복장유물,http://encykorea.aks.ac.kr/Contents/Item/E0073241,불화
지장암 자수지장보살도,http://encykorea.aks.ac.kr/Contents/Item/E0073270,불화
김천 청암사 아미타불회도,http://encykorea.aks.ac.kr/Contents/Item/E0073291,불화
월중도,http://encykorea.aks.ac.kr/Contents/Item/E0069546,화첩,
김천 청암사 신중도,http://encykorea.aks.ac.kr/Contents/Item/E0073292,불화
울진 불영사 신중탱화,http://encykorea.aks.ac.kr/Contents/Item/E0073294,불화
의성 대곡사 지장보살도,http://encykorea.aks.ac.kr/Contents/Item/E0073295,불화
의성 대곡사 삼화상·조사진영,http://encykorea.aks.ac.kr/Contents/Item/E0073296,불화
통영 법륜사 구품탱,http://encykorea.aks.ac.kr/Contents/Item/E0073317,불화
해인사 삼화상 진영,http://encykorea.aks.ac.kr/Contents/Item/E0073319,불화
합천 연호사 신중탱,http://encykorea.aks.ac.kr/Contents/Item/E0073321,불화
남해 화방사 지장시왕탱,http://encykorea.aks.ac.kr/Contents/Item/E0073329,불화
하동금정사산신탱,http://encykorea.aks.ac.kr/Contents/Item/E0073339,불화
합천 해인사 국일암 구품도,http://encykorea.aks.ac.kr/Contents/Item/E0073352,불화
합천 해인사 국일암 신중도,http://encykorea.aks.ac.kr/Contents/Item/E0073353,불화
창녕 관룡사 대웅전 관음보살벽화,http://encykorea.aks.ac.kr/Contents/Item/E0075460,불화
서울 지장사 아미타불도,http://encykorea.aks.ac.kr/Contents/Item/E0075461,불화
서울 지장사 극락구품도,http://encykorea.aks.ac.kr/Contents/Item/E0075462,불화
서울 지장사 지장시왕도,http://encykorea.aks.ac.kr/Contents/Item/E0075463,불화
서울 지장사 대웅전 신중도,http://encykorea.aks.ac.kr/Contents/Item/E0075464,불화
서울 지장사 현왕도,http://encykorea.aks.ac.kr/Contents/Item/E0075465,불화
서울 지장사 팔상도,http://encykorea.aks.ac.kr/Contents/Item/E0075466,불화
아미타괘불도,http://encykorea.aks.ac.kr/Contents/Item/E0075467,불화
서울 조계사 석가불도,http://encykorea.aks.ac.kr/Contents/Item/E0075468,불화
능엄경변상도,http://encykorea.aks.ac.kr/Contents/Item/E0069579,불화/변상도
목련경변상도,http://encykorea.aks.ac.kr/Contents/Item/E0069580,불화/변상도
무량수경변상도,http://encykorea.aks.ac.kr/Contents/Item/E0069581,불화/변상도
아미타경변상도,http://encykorea.aks.ac.kr/Contents/Item/E0069583,불화/변상도
원각경변상도,http://encykorea.aks.ac.kr/Contents/Item/E0069584,불화/변상도
지장보살본원경변상도,http://encykorea.aks.ac.kr/Contents/Item/E0069585,불화/변상도
미륵하생경변상도,http://encykorea.aks.ac.kr/Contents/Item/E0069592,불화/변상도
태평성시도,http://encykorea.aks.ac.kr/Contents/Item/E0069642,풍속화
서울 진관사 영산회상도,http://encykorea.aks.ac.kr/Contents/Item/E0075469,불화
서울 개운사 감로도,http://encykorea.aks.ac.kr/Contents/Item/E0075470,불화
서울 개운사 신중도,http://encykorea.aks.ac.kr/Contents/Item/E0075471,불화
박사익 초상,http://encykorea.aks.ac.kr/Contents/Item/E0070938,초상화
허전 초상,http://encykorea.aks.ac.kr/Contents/Item/E0070940,초상화
서울 개운사 팔상도,http://encykorea.aks.ac.kr/Contents/Item/E0075472,불화
서울 개운사 지장시왕도,http://encykorea.aks.ac.kr/Contents/Item/E0075473,불화
울산 백양사 아미타삼존후불홍탱,http://encykorea.aks.ac.kr/Contents/Item/E0075474,불화
울산 백양사 신중도,http://encykorea.aks.ac.kr/Contents/Item/E0075475,불화
구례 천은사 삼장보살도,http://encykorea.aks.ac.kr/Contents/Item/E0075476,불화
내금강보덕굴도,http://encykorea.aks.ac.kr/Contents/Item/E0071296,현대미술
고종황제어진,http://encykorea.aks.ac.kr/Contents/Item/E0071305,초상화
장성 백양사 극락전아미타회상도,http://encykorea.aks.ac.kr/Contents/Item/E0075478,불화
산,http://encykorea.aks.ac.kr/Contents/Item/E0072935,현대미술/추상화
건륭십오년명감로탱화,http://encykorea.aks.ac.kr/Contents/Item/E0075479,불화
건륭이십구년명감로탱화,http://encykorea.aks.ac.kr/Contents/Item/E0075480,불화
서산 천장사 아미타후불탱화,http://encykorea.aks.ac.kr/Contents/Item/E0075481,불화
원주 영원사 비로자나불후불탱화,http://encykorea.aks.ac.kr/Contents/Item/E0075482,불화
원주 영원사 감로탱화,http://encykorea.aks.ac.kr/Contents/Item/E0075483,불화
청도 운문사 대웅보전 관음보살·달마대사 벽화,http://encykorea.aks.ac.kr/Contents/Item/E0075484,불화
이시방 초상 일괄,http://encykorea.aks.ac.kr/Contents/Item/E0073009,초상화
양산 통도사 아미타극락회상탱,http://encykorea.aks.ac.kr/Contents/Item/E0075485,불화
거제 장흥사 지장보살시왕탱,http://encykorea.aks.ac.kr/Contents/Item/E0075486,불화
창녕 청련사 영산회후불탱,http://encykorea.aks.ac.kr/Contents/Item/E0075487,불화
밀양 표충사 아미타구품탱,http://encykorea.aks.ac.kr/Contents/Item/E0075488,불화
밀양 표충사 아미타후불탱,http://encykorea.aks.ac.kr/Contents/Item/E0075489,불화
밀양 표충사 지장탱,http://encykorea.aks.ac.kr/Contents/Item/E0075490,불화
함양 서운암 신중도,http://encykorea.aks.ac.kr/Contents/Item/E0075491,불화
포항 보경사 서운암 후불탱화 및 신중탱화,http://encykorea.aks.ac.kr/Contents/Item/E0075492,불화
의성 정수사 영산회상도,http://encykorea.aks.ac.kr/Contents/Item/E0075493,불화
의성 정수사 지장시왕도,http://encykorea.aks.ac.kr/Contents/Item/E0075494,불화
윤희손초상,http://encykorea.aks.ac.kr/Contents/Item/E0073036,초상화
예천 서악사 석가모니후불탱,http://encykorea.aks.ac.kr/Contents/Item/E0075495,불화
상주 관음사 아미타회상도,http://encykorea.aks.ac.kr/Contents/Item/E0075496,불화
고산사아미타불화,http://encykorea.aks.ac.kr/Contents/Item/E0075497,불화
봉국사 아미타불회도,http://encykorea.aks.ac.kr/Contents/Item/E0075498,불화
부산 복천사 지장시왕도,http://encykorea.aks.ac.kr/Contents/Item/E0075499,불화
아계이산해영정,http://encykorea.aks.ac.kr/Contents/Item/E0073073,초상화
부산 복천사 아미타극락회상도,http://encykorea.aks.ac.kr/Contents/Item/E0075500,불화
김만증 초상,http://encykorea.aks.ac.kr/Contents/Item/E0073078,초상화
임방초상,http://encykorea.aks.ac.kr/Contents/Item/E0073083,초상화
유순정 초상 및 함,http://encykorea.aks.ac.kr/Contents/Item/E0073085,초상화
황성원초상,http://encykorea.aks.ac.kr/Contents/Item/E0073086,초상화
황진초상,http://encykorea.aks.ac.kr/Contents/Item/E0073089,초상화
충현서원소장 주자영정,http://encykorea.aks.ac.kr/Contents/Item/E0073104,초상화
부산 범어사 대웅전 석가영산회상도,http://encykorea.aks.ac.kr/Contents/Item/E0075501,불화
광명 이원익 초상화,http://encykorea.aks.ac.kr/Contents/Item/E0073110,초상화
류상운초상,http://encykorea.aks.ac.kr/Contents/Item/E0073118,초상화
부산 범어사 대웅전 삼장보살도,http://encykorea.aks.ac.kr/Contents/Item/E0075502,불화
부산 범어사 대웅전 신중도,http://encykorea.aks.ac.kr/Contents/Item/E0075503,불화
장안사 대웅전 석가영산회상도,http://encykorea.aks.ac.kr/Contents/Item/E0075504,불화
장안사 응진전 석가영산회상도,http://encykorea.aks.ac.kr/Contents/Item/E0075505,불화
장안사 명부전 지장보살도,http://encykorea.aks.ac.kr/Contents/Item/E0075506,불화
부산 원광사 석가설법도,http://encykorea.aks.ac.kr/Contents/Item/E0075507,불화
부산 범어사 원효암 아미타삼존도,http://encykorea.aks.ac.kr/Contents/Item/E0075508,불화
아미타내영도,http://encykorea.aks.ac.kr/Contents/Item/E0075509,불화
칠성도,http://encykorea.aks.ac.kr/Contents/Item/E0075510,불화
영월 만봉불화박물관 소장 시왕도 초본과 사자도 초본,http://encykorea.aks.ac.kr/Contents/Item/E0075511,불화
삼척 영은사 석가삼존도와 복장유물,http://encykorea.aks.ac.kr/Contents/Item/E0075512,불화
강릉 보현사 십육나한도,http://encykorea.aks.ac.kr/Contents/Item/E0075513,불화
서울 진관사 십육나한도,http://encykorea.aks.ac.kr/Contents/Item/E0075514,불화
서울 진관사 칠성도,http://encykorea.aks.ac.kr/Contents/Item/E0075515,불화
서울 사자암 지장시왕도,http://encykorea.aks.ac.kr/Contents/Item/E0075516,불화
서울 청룡사 지장시왕도,http://encykorea.aks.ac.kr/Contents/Item/E0075517,불화
서울 청룡사 칠성도,http://encykorea.aks.ac.kr/Contents/Item/E0075518,불화
서울 청룡사 현왕도,http://encykorea.aks.ac.kr/Contents/Item/E0075519,불화
서울 청룡사 감로도,http://encykorea.aks.ac.kr/Contents/Item/E0075520,불화
서울 청룡사 가사도,http://encykorea.aks.ac.kr/Contents/Item/E0075521,불화
서울 수국사 아미타불도,http://encykorea.aks.ac.kr/Contents/Item/E0075522,불화
서울 수국사 십육나한도,http://encykorea.aks.ac.kr/Contents/Item/E0075523,불화
서울 수국사 극락구품도,http://encykorea.aks.ac.kr/Contents/Item/E0075524,불화
서울 수국사 감로도,http://encykorea.aks.ac.kr/Contents/Item/E0075525,불화
서울 수국사 신중도,http://encykorea.aks.ac.kr/Contents/Item/E0075526,불화
삼척 운흥사 천룡탱화,http://encykorea.aks.ac.kr/Contents/Item/E0075527,불화
가평 현등사 신중도,http://encykorea.aks.ac.kr/Contents/Item/E0075528,불화
안동 대원사 탱화,http://encykorea.aks.ac.kr/Contents/Item/E0075529,불화
서울 청룡사 신중도,http://encykorea.aks.ac.kr/Contents/Item/E0075530,불화
서울 봉은사 대웅전 신중도,http://encykorea.aks.ac.kr/Contents/Item/E0075531,불화
괴원성회록,http://encykorea.aks.ac.kr/Contents/Item/E0073214,화첩
서울 봉은사 판전 신중도,http://encykorea.aks.ac.kr/Contents/Item/E0075532,불화
화순 춘산영당 최익현 초상,http://encykorea.aks.ac.kr/Contents/Item/E0073226,초상화
화순 문달환 초상,http://encykorea.aks.ac.kr/Contents/Item/E0073230,초상화
서울 봉은사 비로자나불도,http://encykorea.aks.ac.kr/Contents/Item/E0075533,불화
서울 봉은사 칠성도,http://encykorea.aks.ac.kr/Contents/Item/E0075534,불화
송시열 초상,http://encykorea.aks.ac.kr/Contents/Item/E0073264,초상화
권상하 초상,http://encykorea.aks.ac.kr/Contents/Item/E0073265,초상화
한원진 초상,http://encykorea.aks.ac.kr/Contents/Item/E0073268,초상화
권욱 초상,http://encykorea.aks.ac.kr/Contents/Item/E0073269,초상화
서울 봉은사 삼세불도,http://encykorea.aks.ac.kr/Contents/Item/E0075535,불화
윤봉구 초상,http://encykorea.aks.ac.kr/Contents/Item/E0073272,초상화
권섭 초상,http://encykorea.aks.ac.kr/Contents/Item/E0073273,초상화
공회첩,http://encykorea.aks.ac.kr/Contents/Item/E0073276,화첩
서울 봉은사 영산회상도,http://encykorea.aks.ac.kr/Contents/Item/E0075536,불화
서울 봉은사 십육나한도,http://encykorea.aks.ac.kr/Contents/Item/E0075537,불화
서울 경국사 신중도,http://encykorea.aks.ac.kr/Contents/Item/E0075538,불화
서울 지장암 신중도,http://encykorea.aks.ac.kr/Contents/Item/E0075539,불화
서울 연화사 신중도,http://encykorea.aks.ac.kr/Contents/Item/E0075540,불화
서울 연화사 지장시왕도,http://encykorea.aks.ac.kr/Contents/Item/E0075541,불화
울산 인성암 신중도,http://encykorea.aks.ac.kr/Contents/Item/E0075542,불화
고흥 봉래사 신중탱화,http://encykorea.aks.ac.kr/Contents/Item/E0075543,불화
해인사 국일암 벽암선사 진영,http://encykorea.aks.ac.kr/Contents/Item/E0073320,초상화
천안 광덕사 삼세불도,http://encykorea.aks.ac.kr/Contents/Item/E0075544,불화
공주 마곡사 영산회상도,http://encykorea.aks.ac.kr/Contents/Item/E0075545,불화
아산 세심사 신중도,http://encykorea.aks.ac.kr/Contents/Item/E0075546,불화
보은 법주사 대웅보전 후불도,http://encykorea.aks.ac.kr/Contents/Item/E0075547,불화
고양 흥국사 괘불,http://encykorea.aks.ac.kr/Contents/Item/E0075552,불화
남양주 내원암 괘불도,http://encykorea.aks.ac.kr/Contents/Item/E0075553,불화
이원익초상,http://encykorea.aks.ac.kr/Contents/Item/E0073356,초상화
가을,http://encykorea.aks.ac.kr/Contents/Item/E0074174,현대미술
군마도,http://encykorea.aks.ac.kr/Contents/Item/E0074175,현대미술
순종어진,http://encykorea.aks.ac.kr/Contents/Item/E0074176,초상화
간성,http://encykorea.aks.ac.kr/Contents/Item/E0074177,현대미술/인물화
신록,http://encykorea.aks.ac.kr/Contents/Item/E0074178,현대미술/산수화
선소운,http://encykorea.aks.ac.kr/Contents/Item/E0074179,현대미술/인물화
노점,http://encykorea.aks.ac.kr/Contents/Item/E0074180,현대미술/추상화
이른아침,http://encykorea.aks.ac.kr/Contents/Item/E0074181,현대미술
서울 지장사 괘불도,http://encykorea.aks.ac.kr/Contents/Item/E0075554,불화
내금강진주담도,http://encykorea.aks.ac.kr/Contents/Item/E0074184,현대미술/산수화
맑은날,http://encykorea.aks.ac.kr/Contents/Item/E0074185,현대미술
서울 학림사 삼신불괘불도,http://encykorea.aks.ac.kr/Contents/Item/E0075555,불화
서울 봉은사 괘불도,http://encykorea.aks.ac.kr/Contents/Item/E0075556,불화
서울 수국사 현왕도,http://encykorea.aks.ac.kr/Contents/Item/E0075557,불화
초동,http://encykorea.aks.ac.kr/Contents/Item/E0074189,현대미술/산수화
효천보희,http://encykorea.aks.ac.kr/Contents/Item/E0074190,현대미술
격구도,http://encykorea.aks.ac.kr/Contents/Item/E0074191,현대미술
시골소녀,http://encykorea.aks.ac.kr/Contents/Item/E0074192,현대미술/인물화
시골풍경,http://encykorea.aks.ac.kr/Contents/Item/E0074193,현대미술/산수화
탐구.화음,http://encykorea.aks.ac.kr/Contents/Item/E0074194,현대미술/인물화
등나무,http://encykorea.aks.ac.kr/Contents/Item/E0074196,현대미술
군상연작,http://encykorea.aks.ac.kr/Contents/Item/E0074197,현대미술/인물화
서울 경국사 괘불도,http://encykorea.aks.ac.kr/Contents/Item/E0075558,불화
전의 비암사 영산회괘불탱화,http://encykorea.aks.ac.kr/Contents/Item/E0075559,불화
평창 보덕사 사성전 후불탱화 및 복장유물,http://encykorea.aks.ac.kr/Contents/Item/E0075560,불화
서울 진관사 산신도,http://encykorea.aks.ac.kr/Contents/Item/E0075562,불화
서울 금선사 신중도,http://encykorea.aks.ac.kr/Contents/Item/E0075563,불화
서울 안양암 아미타불도,http://encykorea.aks.ac.kr/Contents/Item/E0075564,불화
고종어진,http://encykorea.aks.ac.kr/Contents/Item/E0074204,현대미술/초상화
운낭자상,http://encykorea.aks.ac.kr/Contents/Item/E0074205,현대미술/초상화
길례언니,http://encykorea.aks.ac.kr/Contents/Item/E0074206,현대미술/인물화
내슬픈전설의49페이지,http://encykorea.aks.ac.kr/Contents/Item/E0074207,현대미술
미인도,http://encykorea.aks.ac.kr/Contents/Item/E0074208,현대미술/인물화
목포일우도,http://encykorea.aks.ac.kr/Contents/Item/E0074209,현대미술/풍경화
해불양파도,http://encykorea.aks.ac.kr/Contents/Item/E0074210,현대미술/산수화
서울 안양암 감로도,http://encykorea.aks.ac.kr/Contents/Item/E0075565,불화
서울 안양암 팔상도,http://encykorea.aks.ac.kr/Contents/Item/E0075566,불화
서울 안양암 극락왕생도,http://encykorea.aks.ac.kr/Contents/Item/E0075567,불화
서울 안양암 아미타괘불도,http://encykorea.aks.ac.kr/Contents/Item/E0075568,불화
서울 경국사 지장시왕도,http://encykorea.aks.ac.kr/Contents/Item/E0075569,불화
서울 경국사 팔상도,http://encykorea.aks.ac.kr/Contents/Item/E0075570,불화
고종초상,http://encykorea.aks.ac.kr/Contents/Item/E0074217,현대미술/초상화
해질녘,http://encykorea.aks.ac.kr/Contents/Item/E0074218,현대미술/인물화
부채를든자화상,http://encykorea.aks.ac.kr/Contents/Item/E0074219,현대미술/초상화
친구의 초상,http://encykorea.aks.ac.kr/Contents/Item/E0074220,현대미술/초상화
화실,http://encykorea.aks.ac.kr/Contents/Item/E0074221,현대미술
봄의가락,http://encykorea.aks.ac.kr/Contents/Item/E0074222,현대미술
노란저고리,http://encykorea.aks.ac.kr/Contents/Item/E0074223,현대미술/인물화
북악산을 배경으로 한 풍경,http://encykorea.aks.ac.kr/Contents/Item/E0074224,현대미술/풍경화
농악,http://encykorea.aks.ac.kr/Contents/Item/E0074225,현대미술/풍속화
론도,http://encykorea.aks.ac.kr/Contents/Item/E0074226,현대미술/추상화
어디서무엇이되어다시만나랴,http://encykorea.aks.ac.kr/Contents/Item/E0074227,현대미술/추상화
역사의흔적,http://encykorea.aks.ac.kr/Contents/Item/E0074228,현대미술/추상화
자화상,http://encykorea.aks.ac.kr/Contents/Item/E0074229,현대미술/초상화
도자기와여인,http://encykorea.aks.ac.kr/Contents/Item/E0074230,현대미술/초상화
폐림지근방,http://encykorea.aks.ac.kr/Contents/Item/E0074231,현대미술/풍경화
범일동풍경,http://encykorea.aks.ac.kr/Contents/Item/E0074232,현대미술/풍경화
한일,http://encykorea.aks.ac.kr/Contents/Item/E0074233,현대미술
빨래터,http://encykorea.aks.ac.kr/Contents/Item/E0074234,현대미술
나무와두여인,http://encykorea.aks.ac.kr/Contents/Item/E0074235,현대미술
가족도,http://encykorea.aks.ac.kr/Contents/Item/E0074236,현대미술
낙원,http://encykorea.aks.ac.kr/Contents/Item/E0074237,현대미술
뒷골목,http://encykorea.aks.ac.kr/Contents/Item/E0074238,현대미술
나부,http://encykorea.aks.ac.kr/Contents/Item/E0074239,현대미술
수변,http://encykorea.aks.ac.kr/Contents/Item/E0074240,현대미술
남향집,http://encykorea.aks.ac.kr/Contents/Item/E0074241,현대미술
사과밭,http://encykorea.aks.ac.kr/Contents/Item/E0074242,현대미술
작품,http://encykorea.aks.ac.kr/Contents/Item/E0074243,현대미술/추상화
초여름의연못,http://encykorea.aks.ac.kr/Contents/Item/E0074244,현대미술
남자,http://encykorea.aks.ac.kr/Contents/Item/E0074245,현대미술
경주의산곡에서,http://encykorea.aks.ac.kr/Contents/Item/E0074246,현대미술
가을어느날,http://encykorea.aks.ac.kr/Contents/Item/E0074247,현대미술
여름실내에서,http://encykorea.aks.ac.kr/Contents/Item/E0074248,현대미술
모부인초상,http://encykorea.aks.ac.kr/Contents/Item/E0074249,현대미술/초상화
흰소,http://encykorea.aks.ac.kr/Contents/Item/E0074250,현대미술/영모화
군상,http://encykorea.aks.ac.kr/Contents/Item/E0074252,현대미술/인물화
두루마기를입은자화상,http://encykorea.aks.ac.kr/Contents/Item/E0074253,현대미술/초상화
에르블레의풍경,http://encykorea.aks.ac.kr/Contents/Item/E0074254,현대미술/풍경화
그늘의노인,http://encykorea.aks.ac.kr/Contents/Item/E0074255,현대미술/인물화
성녀골롬바와아그네스자매,http://encykorea.aks.ac.kr/Contents/Item/E0074256,현대미술/인물화
자화상,http://encykorea.aks.ac.kr/Contents/Item/E0074257,현대미술/인물화
31번창고,http://encykorea.aks.ac.kr/Contents/Item/E0074258,현대미술/인물화
파란,http://encykorea.aks.ac.kr/Contents/Item/E0074259,현대미술/추상화
걸인과꽃,http://encykorea.aks.ac.kr/Contents/Item/E0074260,현대미술/인물화
외금강,http://encykorea.aks.ac.kr/Contents/Item/E0074261,현대미술/산수화
서울 지장암 감로도,http://encykorea.aks.ac.kr/Contents/Item/E0075571,불화
서울 도봉사 치성광여래삼존도,http://encykorea.aks.ac.kr/Contents/Item/E0075572,불화
원주 구룡사 삼장보살도,http://encykorea.aks.ac.kr/Contents/Item/E0075573,불화
여주 신륵사 극락보전 삼장보살도,http://encykorea.aks.ac.kr/Contents/Item/E0075574,불화
서울 봉은사 삼장보살도,http://encykorea.aks.ac.kr/Contents/Item/E0075575,불화
홍천 수타사 영산회상도,http://encykorea.aks.ac.kr/Contents/Item/E0075576,불화
홍천 수타사 지장시왕도,http://encykorea.aks.ac.kr/Contents/Item/E0075577,불화
진주 총림선원 시왕도,http://encykorea.aks.ac.kr/Contents/Item/E0075578,불화
안산 쌍계사 현왕도,http://encykorea.aks.ac.kr/Contents/Item/E0075579,불화
현등사 수월관음도,http://encykorea.aks.ac.kr/Contents/Item/E0075580,불화
서울 연화사 천수관음도,http://encykorea.aks.ac.kr/Contents/Item/E0075581,불화
대구 서봉사 지장시왕도,http://encykorea.aks.ac.kr/Contents/Item/E0078850,불화
보성 대원사 극락전 관음보살․달마대사 벽화,http://encykorea.aks.ac.kr/Contents/Item/E0078851,불화
여수 흥국사 대웅전 관음보살 벽화,http://encykorea.aks.ac.kr/Contents/Item/E0078852,불화
김천 고방사 아미타여래설법도,http://encykorea.aks.ac.kr/Contents/Item/E0078853,불화
고려 십육나한도,http://encykorea.aks.ac.kr/Contents/Item/E0078854,불화
가평 현등사 독성도,http://encykorea.aks.ac.kr/Contents/Item/E0079367,불화
장성 백양사 각진국사복구진영,http://encykorea.aks.ac.kr/Contents/Item/E0075477,불화/추상화
가평 현등사 칠성탱화,http://encykorea.aks.ac.kr/Contents/Item/E0079368,불화
거창 심우사 삼장보살탱,http://encykorea.aks.ac.kr/Contents/Item/E0079369,불화
공주 영은사 아미타후불탱화,http://encykorea.aks.ac.kr/Contents/Item/E0079370,불화
공주 영은사 칠성탱화,http://encykorea.aks.ac.kr/Contents/Item/E0079371,불화
금대암 신중탱화,http://encykorea.aks.ac.kr/Contents/Item/E0079372,불화
남해 용문사 건양2년독성탱,http://encykorea.aks.ac.kr/Contents/Item/E0079373,불화
남해 용문사 건양2년영산회상탱,http://encykorea.aks.ac.kr/Contents/Item/E0079374,불화
남해 용문사 독성탱,http://encykorea.aks.ac.kr/Contents/Item/E0079375,불화
남해 용문사 산신탱,http://encykorea.aks.ac.kr/Contents/Item/E0079376,불화
봉은사 영산전 사자도,http://encykorea.aks.ac.kr/Contents/Item/E0079377,불화
봉은사 영산전 신중도,http://encykorea.aks.ac.kr/Contents/Item/E0079378,불화
안성 법계사 신중도,http://encykorea.aks.ac.kr/Contents/Item/E0079379,불화
전등사 강설당 아미타불탱,http://encykorea.aks.ac.kr/Contents/Item/E0079380,불화
전등사 대웅보전 후불탱,http://encykorea.aks.ac.kr/Contents/Item/E0079381,불화
강산무진도,http://encykorea.aks.ac.kr/Contents/Item/E0001180,산수화
강상야박도,http://encykorea.aks.ac.kr/Contents/Item/E0001189,산수화
고산구곡도,http://encykorea.aks.ac.kr/Contents/Item/E0003648,산수화
고산구곡시화도 병풍,http://encykorea.aks.ac.kr/Contents/Item/E0003649,산수화
곡운구곡도,http://encykorea.aks.ac.kr/Contents/Item/E0004136,산수화
정선필 금강전도,http://encykorea.aks.ac.kr/Contents/Item/E0007558,산수화
도봉도,http://encykorea.aks.ac.kr/Contents/Item/E0015649,산수화
강세황필 도산서원도,http://encykorea.aks.ac.kr/Contents/Item/E0015684,산수화
매화서옥도,http://encykorea.aks.ac.kr/Contents/Item/E0018033,산수화
몽유도원도,http://encykorea.aks.ac.kr/Contents/Item/E0018824,산수화
무릉춘색도,http://encykorea.aks.ac.kr/Contents/Item/E0019028,산수화
무이구곡도,http://encykorea.aks.ac.kr/Contents/Item/E0019208,산수화
미법산수도,http://encykorea.aks.ac.kr/Contents/Item/E0019945,산수화
밀양12경도,http://encykorea.aks.ac.kr/Contents/Item/E0020421,산수화
사계산수도,http://encykorea.aks.ac.kr/Contents/Item/E0025366,산수화
설송도,http://encykorea.aks.ac.kr/Contents/Item/E0029038,산수화
소상팔경도,http://encykorea.aks.ac.kr/Contents/Item/E0030119,산수화
송도팔경도,http://encykorea.aks.ac.kr/Contents/Item/E0030772,산수화
송하보월도,http://encykorea.aks.ac.kr/Contents/Item/E0031129,산수화
영통동구도,http://encykorea.aks.ac.kr/Contents/Item/E0037793,산수화
예성강도,http://encykorea.aks.ac.kr/Contents/Item/E0037958,산수화
김정희필 세한도,http://encykorea.aks.ac.kr/Contents/Item/E0038956,산수화
월야산수도,http://encykorea.aks.ac.kr/Contents/Item/E0041030,산수화
이금산수도,http://encykorea.aks.ac.kr/Contents/Item/E0043833,산수화
인왕산도,http://encykorea.aks.ac.kr/Contents/Item/E0046980,산수화
정선필 인왕제색도,http://encykorea.aks.ac.kr/Contents/Item/E0046984,산수화
적벽도,http://encykorea.aks.ac.kr/Contents/Item/E0049152,산수화
정선필 육상묘도,http://encykorea.aks.ac.kr/Contents/Item/E0050405,산수화
천수사남문도,http://encykorea.aks.ac.kr/Contents/Item/E0055931,산수화
통천문암도,http://encykorea.aks.ac.kr/Contents/Item/E0059429,산수화
파교심매도,http://encykorea.aks.ac.kr/Contents/Item/E0059543,산수화
파초야우도,http://encykorea.aks.ac.kr/Contents/Item/E0059622,산수화
한림제설도,http://encykorea.aks.ac.kr/Contents/Item/E0061589,산수화
화개현구장도,http://encykorea.aks.ac.kr/Contents/Item/E0064543,산수화
김홍도필추성부도,http://encykorea.aks.ac.kr/Contents/Item/E0067082,산수화
김윤겸 필 영남기행화첩,http://encykorea.aks.ac.kr/Contents/Item/E0067359,산수화
일월반도도팔첩병,http://encykorea.aks.ac.kr/Contents/Item/E0069528,산수화
정선필해악팔경및송유팔현도화첩,http://encykorea.aks.ac.kr/Contents/Item/E0071248,산수화
풍림정거도,http://encykorea.aks.ac.kr/Contents/Item/E0071306,산수화
무수동도,http://encykorea.aks.ac.kr/Contents/Item/E0073014,산수화
공자행단현가도,http://encykorea.aks.ac.kr/Contents/Item/E0073280,산수화
무창춘색도,http://encykorea.aks.ac.kr/Contents/Item/E0074183,산수화
도원문진도,http://encykorea.aks.ac.kr/Contents/Item/E0074186,산수화
백악춘효도,http://encykorea.aks.ac.kr/Contents/Item/E0074187,산수화
영광풍경도,http://encykorea.aks.ac.kr/Contents/Item/E0074188,산수화
지리산조운도,http://encykorea.aks.ac.kr/Contents/Item/E0074200,산수화
산수도,http://encykorea.aks.ac.kr/Contents/Item/E0074202,산수화
금강전도십이곡병,http://encykorea.aks.ac.kr/Contents/Item/E0075644,산수화
이의양필산수도,http://encykorea.aks.ac.kr/Contents/Item/E0075647,산수화
기성도병,http://encykorea.aks.ac.kr/Contents/Item/E0075659,산수화
고사관수도,http://encykorea.aks.ac.kr/Contents/Item/E0003629,산수화/인물화
기마도강도,http://encykorea.aks.ac.kr/Contents/Item/E0008208,산수화/인물화
마상청앵도,http://encykorea.aks.ac.kr/Contents/Item/E0017385,산수화/인물화
벽오청서도,http://encykorea.aks.ac.kr/Contents/Item/E0022864,산수화/인물화
설중귀려도,http://encykorea.aks.ac.kr/Contents/Item/E0029090,산수화/인물화
송계한담도,http://encykorea.aks.ac.kr/Contents/Item/E0030646,산수화/인물화
삼척 운수암 관음변상탱화,http://encykorea.aks.ac.kr/Contents/Item/E0075548,불화/변상도
삼척 영은사 범일국사진영,http://encykorea.aks.ac.kr/Contents/Item/E0075549,불화/초상화
삼척 영은사 사명당대선사진영,http://encykorea.aks.ac.kr/Contents/Item/E0075550,불화/초상화
문경 대승사 묘적암 나옹화상영정,http://encykorea.aks.ac.kr/Contents/Item/E0075551,불화/초상화
김홍도필 산수인물도,http://encykorea.aks.ac.kr/Contents/Item/E0073045,산수화/인물화
장송낙일도,http://encykorea.aks.ac.kr/Contents/Item/E0074203,산수화/인물화
약리도,http://encykorea.aks.ac.kr/Contents/Item/E0035303,어해도
전이한철필 어해도병,http://encykorea.aks.ac.kr/Contents/Item/E0075656,어해도
노안도,http://encykorea.aks.ac.kr/Contents/Item/E0012820,영모화
맹견도,http://encykorea.aks.ac.kr/Contents/Item/E0018058,영모화
묘작도,http://encykorea.aks.ac.kr/Contents/Item/E0018880,영모화
야압도,http://encykorea.aks.ac.kr/Contents/Item/E0035274,영모화
서울 진관사 명호스님 초상,http://encykorea.aks.ac.kr/Contents/Item/E0075561,불화/초상화
우도,http://encykorea.aks.ac.kr/Contents/Item/E0039839,영모화
팔준도,http://encykorea.aks.ac.kr/Contents/Item/E0059780,영모화
호취도,http://encykorea.aks.ac.kr/Contents/Item/E0063872,영모화
흑구도,http://encykorea.aks.ac.kr/Contents/Item/E0065872,영모화
검선도,http://encykorea.aks.ac.kr/Contents/Item/E0002078,인물화
김홍도필 군선도 병풍,http://encykorea.aks.ac.kr/Contents/Item/E0006667,인물화
남해관음도,http://encykorea.aks.ac.kr/Contents/Item/E0012271,인물화
노승도,http://encykorea.aks.ac.kr/Contents/Item/E0012819,인물화
달마도,http://encykorea.aks.ac.kr/Contents/Item/E0013725,인물화
염불서승도,http://encykorea.aks.ac.kr/Contents/Item/E0037098,인물화
포대화상도,http://encykorea.aks.ac.kr/Contents/Item/E0060130,인물화
심사정필 산승보납도,http://encykorea.aks.ac.kr/Contents/Item/E0073046,인물화
푸른전복,http://encykorea.aks.ac.kr/Contents/Item/E0074198,인물화
청년도,http://encykorea.aks.ac.kr/Contents/Item/E0074199,인물화
기산풍속도,http://encykorea.aks.ac.kr/Contents/Item/E0008270,풍속화
김홍도필 풍속도 화첩,http://encykorea.aks.ac.kr/Contents/Item/E0013639,화첩
김홍도필 병진년 화첩,http://encykorea.aks.ac.kr/Contents/Item/E0013640,화첩
대쾌도,http://encykorea.aks.ac.kr/Contents/Item/E0014857,풍속화
양산 통도사 역대고승영정,http://encykorea.aks.ac.kr/Contents/Item/E0075582,불화/초상화
칠곡 도덕암 몽계당 선의대사진영,http://encykorea.aks.ac.kr/Contents/Item/E0075583,불화/초상화
김시필 동자견려도,http://encykorea.aks.ac.kr/Contents/Item/E0016749,산수화/인물화
김관 영정,http://encykorea.aks.ac.kr/Contents/Item/E0075635,초상화
하석 박정 영정,http://encykorea.aks.ac.kr/Contents/Item/E0075636,초상화
인재 홍진 영정,http://encykorea.aks.ac.kr/Contents/Item/E0075637,초상화
이인엽 영정,http://encykorea.aks.ac.kr/Contents/Item/E0075638,초상화
이상의 영정,http://encykorea.aks.ac.kr/Contents/Item/E0075640,초상화
계재 정제용 초상화,http://encykorea.aks.ac.kr/Contents/Item/E0075642,초상화
간재 전우 초상화,http://encykorea.aks.ac.kr/Contents/Item/E0075643,초상화
신해생갑회지도,http://encykorea.aks.ac.kr/Contents/Item/E0033546,풍속화
천산대렵도,http://encykorea.aks.ac.kr/Contents/Item/E0055905,풍속화
진주성도,http://encykorea.aks.ac.kr/Contents/Item/E0075648,지도
파적도,http://encykorea.aks.ac.kr/Contents/Item/E0059590,풍속화
신윤복필 풍속도 화첩,http://encykorea.aks.ac.kr/Contents/Item/E0063625,화첩
기영회도,http://encykorea.aks.ac.kr/Contents/Item/E0067071,계회도
이십삼 상대회도 및 김종한 교지,http://encykorea.aks.ac.kr/Contents/Item/E0067315,계회도
송시열상,http://encykorea.aks.ac.kr/Contents/Item/E0075655,초상화
밀양 박익 벽화묘,http://encykorea.aks.ac.kr/Contents/Item/E0070964,풍속화
난죽도,http://encykorea.aks.ac.kr/Contents/Item/E0011714,화조화
매상숙조도,http://encykorea.aks.ac.kr/Contents/Item/E0017957,화조화
부작란도,http://encykorea.aks.ac.kr/Contents/Item/E0024528,화조화
관서명승도첩,http://encykorea.aks.ac.kr/Contents/Item/E0075660,화첩
유홍 영정,http://encykorea.aks.ac.kr/Contents/Item/E0075661,초상화
유순정 초상,http://encykorea.aks.ac.kr/Contents/Item/E0075662,초상화
신사임당초충도병,http://encykorea.aks.ac.kr/Contents/Item/E0033040,화조화
용주사 병풍,http://encykorea.aks.ac.kr/Contents/Item/E0039679,화조화
정조필 국화도,http://encykorea.aks.ac.kr/Contents/Item/E0050871,화조화
문효공과 정경부인 영정,http://encykorea.aks.ac.kr/Contents/Item/E0075666,초상화
이덕응 초상화,http://encykorea.aks.ac.kr/Contents/Item/E0075667,초상화
신기영 초상화,http://encykorea.aks.ac.kr/Contents/Item/E0075668,초상화
조병순 초상화,http://encykorea.aks.ac.kr/Contents/Item/E0075669,초상화
김동효 영정,http://encykorea.aks.ac.kr/Contents/Item/E0075670,초상화
정언욱 영정 및 초본,http://encykorea.aks.ac.kr/Contents/Item/E0075671,초상화
임득의 초상,http://encykorea.aks.ac.kr/Contents/Item/E0075672,초상화
허한·허적 초상,http://encykorea.aks.ac.kr/Contents/Item/E0075673,초상화
홍우경 초상,http://encykorea.aks.ac.kr/Contents/Item/E0075674,초상화
강민첨 영정,http://encykorea.aks.ac.kr/Contents/Item/E0075676,초상화
정조필 파초도,http://encykorea.aks.ac.kr/Contents/Item/E0050872,화조화
자수 초충도 병풍,http://encykorea.aks.ac.kr/Contents/Item/E0057071,화조화
유숙필 매화도,http://encykorea.aks.ac.kr/Contents/Item/E0063604,화조화
이암필화조구자도,http://encykorea.aks.ac.kr/Contents/Item/E0067316,화조화/영모화
묵매도,http://encykorea.aks.ac.kr/Contents/Item/E0019315,화조화/문인화
묵죽도,http://encykorea.aks.ac.kr/Contents/Item/E0019359,화조화/문인화
월매도,http://encykorea.aks.ac.kr/Contents/Item/E0040975,화조화/문인화
흥선대원군 이하응필 묵란도,http://encykorea.aks.ac.kr/Contents/Item/E0075653,화조화/문인화
궐리사성적도,http://encykorea.aks.ac.kr/Contents/Item/E0007157,기록유산
빈풍칠월도,http://encykorea.aks.ac.kr/Contents/Item/E0025290,풍속화
운룡도,http://encykorea.aks.ac.kr/Contents/Item/E0040266,영수화
공작도,http://encykorea.aks.ac.kr/Contents/Item/E0074201,화조화
총석정절경도,http://encykorea.aks.ac.kr/Contents/Item/E0074211,산수화
금강산만물초승경도,http://encykorea.aks.ac.kr/Contents/Item/E0074212,산수화
봉황도,http://encykorea.aks.ac.kr/Contents/Item/E0074213,산수화/영수화
백학도,http://encykorea.aks.ac.kr/Contents/Item/E0074214,산수화/화조화
조일선관도,http://encykorea.aks.ac.kr/Contents/Item/E0074215,산수화
삼선관파도,http://encykorea.aks.ac.kr/Contents/Item/E0074216,산수화
요지연도,http://encykorea.aks.ac.kr/Contents/Item/E0075639,길상화
화원별집,http://encykorea.aks.ac.kr/Contents/Item/E0079486,화첩
석농화원,http://encykorea.aks.ac.kr/Contents/Item/E0079487,화첩
십장생도,http://encykorea.aks.ac.kr/Contents/Item/E0075650,길상화
탐라순력도,http://encykorea.aks.ac.kr/Contents/Item/E0079491,화첩