감로탱화,http://encykorea.aks.ac.kr/Contents/Item/E0000742,불화
감모여재도,http://encykorea.aks.ac.kr/Contents/Item/E0000752,사당도
계화,http://encykorea.aks.ac.kr/Contents/Item/E0003279,계화
계회도,http://encykorea.aks.ac.kr/Contents/Item/E0003285,계회도
고분벽화,http://encykorea.aks.ac.kr/Contents/Item/E0003619,벽화
고사인물화,http://encykorea.aks.ac.kr/Contents/Item/E0003641,고사화/인물화
관음탱화,http://encykorea.aks.ac.kr/Contents/Item/E0004986,불화
관폭도,http://encykorea.aks.ac.kr/Contents/Item/E0005031,산수화/인물화
괘불화,http://encykorea.aks.ac.kr/Contents/Item/E0005363,불화
괴석도,http://encykorea.aks.ac.kr/Contents/Item/E0005413,정물화
군선도,http://encykorea.aks.ac.kr/Contents/Item/E0006666,고사화/인물화
금강산도,http://encykorea.aks.ac.kr/Contents/Item/E0007534,산수화
금벽산수화,http://encykorea.aks.ac.kr/Contents/Item/E0007765,산수화
기록화,http://encykorea.aks.ac.kr/Contents/Item/E0008188,기록화
기린도,http://encykorea.aks.ac.kr/Contents/Item/E0008197,영수화
기명절지화,http://encykorea.aks.ac.kr/Contents/Item/E0008215,정물화
길상도,http://encykorea.aks.ac.kr/Contents/Item/E0008538,길상화
노송도,http://encykorea.aks.ac.kr/Contents/Item/E0012809,정물화
누각산수도,http://encykorea.aks.ac.kr/Contents/Item/E0013231,산수화
도석인물화,http://encykorea.aks.ac.kr/Contents/Item/E0015704,고사화/인물화
독성탱화,http://encykorea.aks.ac.kr/Contents/Item/E0016021,불화
동양화,http://encykorea.aks.ac.kr/Contents/Item/E0016678,
모란도,http://encykorea.aks.ac.kr/Contents/Item/E0018467,화훼화
묵국,http://encykorea.aks.ac.kr/Contents/Item/E0019310,화훼화
묵란,http://encykorea.aks.ac.kr/Contents/Item/E0019313,화훼화/문인화
묵매,http://encykorea.aks.ac.kr/Contents/Item/E0019314,화훼화/문인화
묵죽,http://encykorea.aks.ac.kr/Contents/Item/E0019358,정물화/문인화
문인화,http://encykorea.aks.ac.kr/Contents/Item/E0019634,문인화
문자도,http://encykorea.aks.ac.kr/Contents/Item/E0019638,문자도
미륵탱화,http://encykorea.aks.ac.kr/Contents/Item/E0019935,불화
미인도,http://encykorea.aks.ac.kr/Contents/Item/E0019993,인물화
민화,http://encykorea.aks.ac.kr/Contents/Item/E0020370,
반차도,http://encykorea.aks.ac.kr/Contents/Item/E0021557,기록화
변상도,http://encykorea.aks.ac.kr/Contents/Item/E0022926,불화
불화,http://encykorea.aks.ac.kr/Contents/Item/E0025046,불화
사군자,http://encykorea.aks.ac.kr/Contents/Item/E0025395,문인화
사녀도,http://encykorea.aks.ac.kr/Contents/Item/E0025428,인물화
사시팔경도,http://encykorea.aks.ac.kr/Contents/Item/E0025770,산수화
사신도,http://encykorea.aks.ac.kr/Contents/Item/E0025776,영수화
산수인물화,http://encykorea.aks.ac.kr/Contents/Item/E0026260,산수화/인물화
산수화,http://encykorea.aks.ac.kr/Contents/Item/E0026262,산수화
산신도,http://encykorea.aks.ac.kr/Contents/Item/E0026273,불화
삼신탱화,http://encykorea.aks.ac.kr/Contents/Item/E0026705,불화
삼장탱화,http://encykorea.aks.ac.kr/Contents/Item/E0026785,불화
서양화,http://encykorea.aks.ac.kr/Contents/Item/E0027914,
선종화,http://encykorea.aks.ac.kr/Contents/Item/E0028933,불화/인물화
세화,http://encykorea.aks.ac.kr/Contents/Item/E0029894,세화
수성도,http://encykorea.aks.ac.kr/Contents/Item/E0031471,고사화/인물화
시왕탱화,http://encykorea.aks.ac.kr/Contents/Item/E0032419,불화
신중탱화,http://encykorea.aks.ac.kr/Contents/Item/E0033399,불화
실경산수화,http://encykorea.aks.ac.kr/Contents/Item/E0033641,산수화
십육나한탱화,http://encykorea.aks.ac.kr/Contents/Item/E0034010,불화
십장생도,http://encykorea.aks.ac.kr/Contents/Item/E0034032,길상화
아미타내영도,http://encykorea.aks.ac.kr/Contents/Item/E0034297,불화
아미타탱화,http://encykorea.aks.ac.kr/Contents/Item/E0034313,불화
약사탱화,http://encykorea.aks.ac.kr/Contents/Item/E0035331,불화
어해도,http://encykorea.aks.ac.kr/Contents/Item/E0036133,어해도
영모화,http://encykorea.aks.ac.kr/Contents/Item/E0037378,영모화
오백나한탱화,http://encykorea.aks.ac.kr/Contents/Item/E0038262,불화
오십삼불탱화,http://encykorea.aks.ac.kr/Contents/Item/E0038391,불화
완월도,http://encykorea.aks.ac.kr/Contents/Item/E0038989,산수화/인물화
요지연도,http://encykorea.aks.ac.kr/Contents/Item/E0039342,길상화
용도,http://encykorea.aks.ac.kr/Contents/Item/E0039439,영수화
용호도,http://encykorea.aks.ac.kr/Contents/Item/E0039733,영수화
의궤도,http://encykorea.aks.ac.kr/Contents/Item/E0043137,기록화
인로왕탱화,http://encykorea.aks.ac.kr/Contents/Item/E0046874,불화
인물화,http://encykorea.aks.ac.kr/Contents/Item/E0046888,인물화
작호도,http://encykorea.aks.ac.kr/Contents/Item/E0048152,길상화
제석탱화,http://encykorea.aks.ac.kr/Contents/Item/E0051309,불화
조왕탱화,http://encykorea.aks.ac.kr/Contents/Item/E0052417,불화
지장탱화,http://encykorea.aks.ac.kr/Contents/Item/E0054368,불화
진경산수화,http://encykorea.aks.ac.kr/Contents/Item/E0054575,산수화
진양성도,http://encykorea.aks.ac.kr/Contents/Item/E0054783,지도
책가도,http://encykorea.aks.ac.kr/Contents/Item/E0055679,정물화
천불탱화,http://encykorea.aks.ac.kr/Contents/Item/E0055901,불화
청록산수화,http://encykorea.aks.ac.kr/Contents/Item/E0056406,산수화
초상화,http://encykorea.aks.ac.kr/Contents/Item/E0057016,초상화
초충도,http://encykorea.aks.ac.kr/Contents/Item/E0057070,화훼화
춘화,http://encykorea.aks.ac.kr/Contents/Item/E0058076,풍속화
칠성탱화,http://encykorea.aks.ac.kr/Contents/Item/E0058501,불화
탁족도,http://encykorea.aks.ac.kr/Contents/Item/E0058755,고사화/인물화
탱화,http://encykorea.aks.ac.kr/Contents/Item/E0059139,불화
팔선도,http://encykorea.aks.ac.kr/Contents/Item/E0059748,고사화/인물화
평생도,http://encykorea.aks.ac.kr/Contents/Item/E0059909,풍속화
평양기성도,http://encykorea.aks.ac.kr/Contents/Item/E0059948,지도
풍속화,http://encykorea.aks.ac.kr/Contents/Item/E0060400,풍속화
한국화,http://encykorea.aks.ac.kr/Contents/Item/E0061489,
한산습득도,http://encykorea.aks.ac.kr/Contents/Item/E0061686,고사화/인물화
현왕탱화,http://encykorea.aks.ac.kr/Contents/Item/E0063395,불화
호도,http://encykorea.aks.ac.kr/Contents/Item/E0063718,영모화
호렵도,http://encykorea.aks.ac.kr/Contents/Item/E0063739,풍속화
호피도,http://encykorea.aks.ac.kr/Contents/Item/E0063883,길상화
화엄탱화,http://encykorea.aks.ac.kr/Contents/Item/E0064816,불화
화조화,http://encykorea.aks.ac.kr/Contents/Item/E0064873,화훼화
화훼화,http://encykorea.aks.ac.kr/Contents/Item/E0064943,화훼화
효자도,http://encykorea.aks.ac.kr/Contents/Item/E0065693,고사화/인물화
본생도,http://encykorea.aks.ac.kr/Contents/Item/E0069566,불화
불전도,http://encykorea.aks.ac.kr/Contents/Item/E0069567,불화
사자도,http://encykorea.aks.ac.kr/Contents/Item/E0069568,불화
삼십구위신중도,http://encykorea.aks.ac.kr/Contents/Item/E0069569,불화
시왕도,http://encykorea.aks.ac.kr/Contents/Item/E0069571,불화
제석도,http://encykorea.aks.ac.kr/Contents/Item/E0069572,불화
제석천룡도,http://encykorea.aks.ac.kr/Contents/Item/E0069573,불화
지장보살화,http://encykorea.aks.ac.kr/Contents/Item/E0069574,불화
비로자나불화,http://encykorea.aks.ac.kr/Contents/Item/E0069575,불화
삼신삼세불화,http://encykorea.aks.ac.kr/Contents/Item/E0069576,불화
삼세불화,http://encykorea.aks.ac.kr/Contents/Item/E0069578,불화
약사불화,http://encykorea.aks.ac.kr/Contents/Item/E0069586,불화
관세음보살화,http://encykorea.aks.ac.kr/Contents/Item/E0069587,불화
관음삼십이응신도,http://encykorea.aks.ac.kr/Contents/Item/E0069588,불화
수월관음도,http://encykorea.aks.ac.kr/Contents/Item/E0069589,불화
미륵불화,http://encykorea.aks.ac.kr/Contents/Item/E0069591,불화
반야용선도,http://encykorea.aks.ac.kr/Contents/Item/E0069593,불화
사천왕도,http://encykorea.aks.ac.kr/Contents/Item/E0069594,불화
신중화,http://encykorea.aks.ac.kr/Contents/Item/E0069596,불화
다불화,http://encykorea.aks.ac.kr/Contents/Item/E0069597,불화
천불도,http://encykorea.aks.ac.kr/Contents/Item/E0069599,불화
십육나한도,http://encykorea.aks.ac.kr/Contents/Item/E0069603,불화
조사도,http://encykorea.aks.ac.kr/Contents/Item/E0069608,불화
삼신불화,http://encykorea.aks.ac.kr/Contents/Item/E0069609,불화
현왕도,http://encykorea.aks.ac.kr/Contents/Item/E0069611,불화
극락구품도,http://encykorea.aks.ac.kr/Contents/Item/E0069612,불화
관음지장보살도,http://encykorea.aks.ac.kr/Contents/Item/E0069613,불화
시의도,http://encykorea.aks.ac.kr/Contents/Item/E0069622,기록유산
시화일률,http://encykorea.aks.ac.kr/Contents/Item/E0069627,기록유산
사호위기도,http://encykorea.aks.ac.kr/Contents/Item/E0069629,고사화/인물화
성현도,http://encykorea.aks.ac.kr/Contents/Item/E0069630,고사화/인물화
궁중기록화,http://encykorea.aks.ac.kr/Contents/Item/E0069633,기록화
진찬진연도,http://encykorea.aks.ac.kr/Contents/Item/E0069634,기록화
백동자도,http://encykorea.aks.ac.kr/Contents/Item/E0069636,길상화
공자성적도,http://encykorea.aks.ac.kr/Contents/Item/E0069637,고사화/인물화
우도,http://encykorea.aks.ac.kr/Contents/Item/E0069643,영모화
송하인물도,http://encykorea.aks.ac.kr/Contents/Item/E0069644,인물화
어초문답도,http://encykorea.aks.ac.kr/Contents/Item/E0069645,인물화
서화합벽,http://encykorea.aks.ac.kr/Contents/Item/E0069646,기록유산
달마도,http://encykorea.aks.ac.kr/Contents/Item/E0069847,고사화/인물화
민중미술,http://encykorea.aks.ac.kr/Contents/Item/E0071692,
마도,http://encykorea.aks.ac.kr/Contents/Item/E0017313,영모화
신선도,http://encykorea.aks.ac.kr/Contents/Item/E0033086,고사화/인물화
경직도,http://encykorea.aks.ac.kr/Contents/Item/E0002945,풍속화
무일도,http://encykorea.aks.ac.kr/Contents/Item/E0019219,풍속화
수렵도,http://encykorea.aks.ac.kr/Contents/Item/E0031313,풍속화
일월오봉도,http://encykorea.aks.ac.kr/Contents/Item/E0047296,길상화
열녀도,http://encykorea.aks.ac.kr/Contents/Item/E0079469,고사화/인물화
감계화,http://encykorea.aks.ac.kr/Contents/Item/E0079500,고사화
